"Document Title",Authors,"Author Affiliations","Publication Title",Date Added To Xplore,"Publication Year","Volume","Issue","Start Page","End Page","Abstract","ISSN",ISBNs,"DOI",Funding Information,PDF Link,"Author Keywords","IEEE Terms","Mesh_Terms",Article Citation Count,Patent Citation Count,"Reference Count","License",Online Date,Issue Date,"Meeting Date","Publisher",Document Identifier
"Intelligence Pest Detection and Control in Agriculture using Computer Vision and Deep Learning","S. A. Kumar; F. Shaik; B. Yashwitha; P. Vidyavathi; A. U. Maheswari; P. Spurthi","Department of AI&DS, Annamacharya University, Andhra Pradesh; Department of ECE, Annamacharya University, Andhra Pradesh; Department of AI&DS, Annamacharya Institute of Technology and Sciences, Andhra Pradesh; Department of AI&DS, Annamacharya Institute of Technology and Sciences, Andhra Pradesh; Department of AI&DS, Annamacharya Institute of Technology and Sciences, Andhra Pradesh; Department of AI&DS, Annamacharya Institute of Technology and Sciences, Andhra Pradesh",2025 International Conference on Intelligent Computing and Control Systems (ICICCS),"12 May 2025","2025","","","1147","1150","One of the most significant challenges in agriculture over the years has been the detection and also control of pests and while it continues to this day, the advent of technology in the agricultural sector is providing solutions that are incredibly promising. Pests cause significant worldwide crop loss and represent a threat to food security and farmer livelihoods. Conventional pest management approaches revolve around labour-intensive strategies, large applications of pesticides, and reactionary measures, resulting in environmental degradation and sub-optimal crop yields. This work utilizes the power of AI(Artificial Intelligence),computer vision and deep learning to create a smart pest detection system. It treats pest identification and damage detection as real-time visual data processing tasks with machine learning approaches, making it possible to swiftly and accurately locate pests and their damage in the photos taken through the camera, facilitating extra prompt preventive measures. Working under the hood, the algorithms adapt to changing environmental conditions and shifting pest behaviours, learning as they go. Most of the pest detection systems today are manual, requiring manual visual inspection and image recognition approaches, this solution not only provides the next level of system but it also paves the way for pest management in the most efficient, accurate & sustainable way.","","979-8-3315-1208-8","10.1109/ICICCS65191.2025.10985611","","https://ieeexplore.ieee.org/stamp/stamp.jsp?arnumber=10985611","Pest Detection;Agriculture;Computer Vision;Deep Learning;Convolutional Neural Network;Machine Learning Models;Real-Time Monitoring;Scalable Cloud Architecture;Pest Control;Sustainable Farming;Data Security;Image Processing;Crop Health","Deep learning;Computer vision;Visualization;Accuracy;Pesticides;Manuals;Control systems;Real-time systems;Agriculture;Farming","","2","","12","IEEE","12 May 2025","19-21 March 2025","19-21 March 2025","IEEE","IEEE Conferences"
"Application of IP102 Dataset in Pest Detection by using Deep Learning Techniques","B. T. Vamsi; J. Yadla; G. V. Kumar","Department of IT, Dhanekula Institute of Engineering & Technology Ganguru, Vijayawada; Department of CSE, Sir C.R. Reddy College of Engineering Vatluru, Eluru; Department of ECE, Maulana Azad National Institute of Technology, Bhopal","2023 International Conference on Advances in Computing, Communication and Applied Informatics (ACCAI)","4 Aug 2023","2023","","","1","5","To ensure high biomass yields and reduce operating risks for farmers, lightning-fast and precise agricultural pest detection is essential. Conventional pest detection techniques, such as manual inspection and visual examination, take a lot of time, require a lot of work, and are prone to human mistake. Deep learning methods have become a potential tool for crop pest identification in recent years. An abstract of a work on agricultural pest identification using deep learning algorithm is presented here. The suggested method employs You Only Look Once (YOLO) algorithm to evaluate crop photos and accurately detect the presence of pests and their damage patterns. The model can identify pests in real time and notify farmers to immediately implement the necessary pest management measures. The method has the potential with precision of 87% to boost the effectiveness of pest identification and management while decreasing reliance on human labour, improving agricultural yields and enhancing food security. The problems and promise for future development of deep learning-based agricultural pest identification are covered in the paper's conclusion.","","979-8-3503-1590-5","10.1109/ACCAI58221.2023.10199252","","https://ieeexplore.ieee.org/stamp/stamp.jsp?arnumber=10199252","Crop Pest;Deep Learning;You Only Look Once(YOLO);IP102","Deep learning;Training;Visualization;Crops;Pesticides;Object detection;Time measurement","","2","","10","IEEE","4 Aug 2023","25-26 May 2023","25-26 May 2023","IEEE","IEEE Conferences"
"A Deep Learning Assisted Crop Pest Classification Model by Using Enhanced Light Gradient Boost Machine (ELGBM) Logics","V. S. Prasad Ch; M. C; P. M; V. K G; N. Sunheriya; M. R. Al-Mousa","Department of ECE, Jeppiaar Engineering College, Chennai; Department of ECE, Rajalakshmi Institute of Technology, Chennai; Sona College of Technology, Salem; School of Mechanical Engineering, Vellore Institute of Technology, Chennai; Department of Mechanical Engineering, Yeshwantrao Chavan College of Engineering, Nagpur, India; Department of Cyber Security, College of Information Technology, Zarqa University, zarqa, jordan","2024 International Conference on Innovative Computing, Intelligent Communication and Smart Electrical Systems (ICSES)","12 Mar 2025","2024","","","1","5","Many different kinds of pests and insects impede the development of vital field crops including wheat, sugarcane, and rice, and they also diminish agricultural yields. Due to their similar appearance in the early stages of crop growth, accurately classifying and identifying all varieties of crop insects is a challenging task for farmers. Automatic feature extraction and handling of complicated high-level features in image classification applications are two requirements for a new model that can solve this problem with the help of deep learning aided architectures. This study investigates the use of an Enhanced Light Gradient Boost Machine (ELGBM), a deep learning algorithm, for the purpose of crop pest classification and pesticide recommendation. The suggested model's efficacy is assessed by cross-validation with a traditional learning technique known as Convolution Neural Network (CNN). Furthermore, the system incorporates a recommendation component that proposes the most efficient pesticide options for crop protection depending on the discovered pests. The suggested methodology outperforms more traditional approaches in terms of classification accuracy, which is around 98%. The outcomes proved that the suggested ELGBM model outperformed pre-trained models in labeling different kinds of field crop insects, suggesting its potential for use in agricultural crop protection systems.","","979-8-3315-4362-4","10.1109/ICSES63760.2024.10910912","","https://ieeexplore.ieee.org/stamp/stamp.jsp?arnumber=10910912","Agriculture;Crop Maintenance;Deep Learning;Crop Pest Detection;Pest Classification;ELGBM;Convolution Neural Network;CNN","Deep learning;Convolution;Insects;Neural networks;Crops;Pesticides;Feature extraction;Classification algorithms;Protection;Testing","","3","","15","IEEE","12 Mar 2025","12-13 Dec. 2024","12-13 Dec. 2024","IEEE","IEEE Conferences"
"Pest Detection and Identification in Rice crops using Yolo V3 Convolutional Neural Network","G. Anitha; P. Harini; V. Chandru; S. Abdullah; B. S. A. Rahman","Crescent Institute of Science and Technology, Chennai, India; Crescent Institute of Science and Technology, Chennai, India; Crescent Institute of Science and Technology, Chennai, India; Crescent Institute of Science and Technology, Chennai, India; Crescent Institute of Science and Technology, Chennai, India",2024 OPJU International Technology Conference (OTCON) on Smart Computing for Innovation and Advancement in Industry 4.0,"30 Sep 2024","2024","","","1","5","Diseases and insect pests are intimately related to the quantity and quality of agricultural goods. Crop diseases and insect pest outbreaks occur on a massive scale and frequently result in catastrophic economic losses. Consequently, it is crucial to keep an eye on and manage crop diseases and insect pests. The first and most crucial step in the prevention and management of crop diseases and pests is learning how to promptly and precisely detect the ailments that affect crops. Deep learning approaches for pest identification are now more accurate than traditional methods because of the rapid advancements in machine learning and artificial intelligence technologies. Deep learning techniques are increasingly being used as the main strategies for overcoming the technological barriers to pest recognition. Clear structure and good recognition accuracy are the benefits of deep learning algorithms for image recognition. Accurately identifying pests in crops may be more effective, which is good for agricultural productivity. In this work, an improved deep learning model Yolo V3 is used to produce high-performance pest detection in rice crops. This Yolo V3 classifier gives 99% accuracy, and it outperforms the conventional convolutional neural network (CNN).","","979-8-3503-7378-3","10.1109/OTCON60325.2024.10688361","","https://ieeexplore.ieee.org/stamp/stamp.jsp?arnumber=10688361","Yolo V3;pest detection;rice crop;deep learning","Deep learning;YOLO;Visualization;Accuracy;Image recognition;Computational modeling;Insects;Crops;Convolutional neural networks;Diseases","","6","","15","IEEE","30 Sep 2024","5-7 June 2024","5-7 June 2024","IEEE","IEEE Conferences"
"A Novel Method for Rapid Detection of Crop Pest Status Based on NCC Combined with Edge Detection: ANAED","X. Zhu; Z. Wu; Y. Ou; J. Liu; Y. Lin","Guangdong Polytechnic of Science and Technology, Zhuhai, China; Guangdong Polytechnic of Science and Technology, Zhuhai, China; Guangdong Polytechnic of Science and Technology, Zhuhai, China; Guangdong Polytechnic of Science and Technology, Zhuhai, China; Guangdong Polytechnic of Science and Technology, Zhuhai, China","2025 IEEE 6th International Seminar on Artificial Intelligence, Networking and Information Technology (AINIT)","23 Jun 2025","2025","","","815","819","As computer vision and deep learning are gradually combined for high-quality target detection, higher requirements are also put forward for the embedded devices carried, which poses a huge challenge to the cost of modern agricultural precision planting and intelligent planting. Because of the above problems, this paper proposes a new method for rapid plant pest status detection based on the combination of the NCC (normalized correlation coefficient) algorithm and edge detection technology, which not only avoids the need for specific plant learning and training in deep learning but also is simple and efficient, especially suitable for low-power embedded devices such as OpenMV, RaspberryPI, etc. In practical applications, this method first uses the optimized NCC algorithm to quickly lock the observable leaves of the plant (mainly the leaves are unobstructed) and then uses edge detection technology (optimized morph-function) to extract all the edge information of the leaves, and further optimizes the edge detection results through threshold and filtering. Finally, the pest status and severity of the plant are judged according to the average value of the integrity and damage degree of the edge of the crop leaves detected per unit area. The experimental results show that this method can accurately detect the pest status of crops in a fast time, with high practicality and accuracy. In addition, through experiments on fruit-bearing crops such as cucumbers, eggplants, pumpkins, and zucchini, it was found that this method has the best detection effect in the growth and maturity stages of these plants, with an accuracy rate of about 77%-86%. This method is simple, fast, and can be applied in low-power embedded devices. It does not require deep learning and large amounts of data calculation and has high practical value.","","979-8-3315-2228-5","10.1109/AINIT65432.2025.11035979","","https://ieeexplore.ieee.org/stamp/stamp.jsp?arnumber=11035979","Computer vision;NCC;Edge detection;crop pest status;Embedded devices","Deep learning;Training;Seminars;Computer vision;Accuracy;Filtering;Image edge detection;Crops;Real-time systems;Data mining","","","","12","IEEE","23 Jun 2025","11-13 April 2025","11-13 April 2025","IEEE","IEEE Conferences"
"Insect Pest Detection and Identification Method Based on Deep Learning for Realizing a Pest Control System","H. Kuzuhara; H. Takimoto; Y. Sato; A. Kanagawa","Graduate School of Computer Science and Systems Engineering, Okayama Prefectural University, Okayama, Japan; Faculty of Computer Science and Systems Engineering, Okayama Prefectural University, Okayama, Japan; JST PRESTO / Research Institute for Food and Agriculture, Ryukoku University, Shiga, Japan; Faculty of Computer Science and Systems Engineering, Okayama Prefectural University, Okayama, Japan",2020 59th Annual Conference of the Society of Instrument and Control Engineers of Japan (SICE),"2 Nov 2020","2020","","","709","714","Detection of insect pests in the agricultural field, which is useful in achieving smart agriculture, has attracted considerable attention. In particular, automatically monitoring the number of crop insect pests has evolved into key means of managing and optimizing agricultural resources. However, despite the fact that conventional convolutional neural network (CNN)-based approaches have yielded sufficient results for general object detection, few methods have been developed to detect and recognize small objects such as insect pests. In addition, no large dataset exists for pest detection even though CNN-based methods require a large dataset to optimize many parameters. In this study, we propose two-stage detection and identification methods for small insect pests based on CNN. We also present a region proposal network for insect pest detection using YOLOv3 and propose a re-identification method using the Xception model. To train these models, we propose a data augmentation method using image processing.","","978-1-7281-1089-9","10.23919/SICE48898.2020.9240458","","https://ieeexplore.ieee.org/stamp/stamp.jsp?arnumber=9240458","image processing;insect pest detection;deep learning","Deep learning;Insects;Process control;Object detection;Pest control;Agriculture;Proposals","","59","","25","","2 Nov 2020","23-26 Sept. 2020","23-26 Sept. 2020","IEEE","IEEE Conferences"
"A deep learning-based crop pest and disease recognition system for farmland in Xinjiang","R. Sun","Xinjiang University, Urumqi, China","2024 6th International Conference on Internet of Things, Automation and Artificial Intelligence (IoTAAI)","2 Oct 2024","2024","","","359","362","With the rapid development of modern agriculture, the timely detection and treatment of pests and diseases is very important to ensure the healthy growth of crops and improve production. This paper presents a deep learning-based system for identifying crop diseases and pests in Xinjiang, utilizing Convolutional Neural Networks (CNNs). The system achieves over 95% accuracy, outperforming traditional methods. It offers real-time pest control suggestions, enhancing both detection efficiency and accuracy.","","979-8-3503-8697-4","10.1109/IoTAAI62601.2024.10692640","","https://ieeexplore.ieee.org/stamp/stamp.jsp?arnumber=10692640","deep learning;Plant diseases and insect pests recognition;Convolution neural network (CNN);Crop health;Image processing;ResNet - 50;Agricultural science and technology","Deep learning;Accuracy;Insects;Neural networks;Crops;Production;Pest control;Real-time systems;Internet of Things;Diseases","","5","","10","IEEE","2 Oct 2024","26-28 July 2024","26-28 July 2024","IEEE","IEEE Conferences"
"Research on the Design of Crop Disease Recognition System Based on Deep Learning","J. Chen; S. Li; J. Sun; Y. Xie","College of Information Engineering, Hainan Vocational University of Science and Technology, Haikou, China; College of Information Engineering, Hainan Vocational University of Science and Technology, Haikou, China; College of Information Engineering, Hainan Vocational University of Science and Technology, Haikou, China; College of Information Engineering, Hainan Vocational University of Science and Technology, Haikou, China","2023 IEEE 3rd International Conference on Electronic Technology, Communication and Information (ICETCI)","17 Jul 2023","2023","","","34","37","As an important economic pillar, agriculture plays a vital role in the development of China. However, Crop diseases and insect pests have always been the most common agricultural problems in agricultural production, which seriously affect the efficiency and quality of agricultural production. Therefore, how to identify effectively and control pests and diseases, so as to make the agricultural output increase well and quickly for farmers, is a topic of particular concern for farmers and researches at present. At present, there are still many deficiencies in the detection and control of agricultural pests and diseases in China. It is very important to strengthen the research on the detection and control of agricultural pests and diseases, improve the detection and control level of pests and diseases, and maintain the agricultural ecological balance. In view of this situation, this paper abandons traditional methods such as manual recognition and instrument recognition, then introduces a new generation of disease recognition methods based on deep learning, combined with image processing to the identification of crop pathological conditions, and obtains images based on the Internet of Things technology, which is an inevitable trend for the development of precision agriculture in the future. The results of this system design will be visualized, predictable and platformized to improve the utilization rate and usability of farmers.","","979-8-3503-9841-0","10.1109/ICETCI57876.2023.10176384","","https://ieeexplore.ieee.org/stamp/stamp.jsp?arnumber=10176384","Crops;Disease recognition;Deep learning;Internet of Things","Deep learning;Visualization;Image recognition;Crops;Production;Agriculture;Internet of Things","","2","","8","IEEE","17 Jul 2023","26-28 May 2023","26-28 May 2023","IEEE","IEEE Conferences"
"Enhancing crop health using deep learning techniques","S. S. Kosaraju; M. Sunkara; G. K. Kumar; A. M","Dept. of CSE, Chaitanya Bharathi Institute of Technology, Hyderabad, India; Dept. of CSE, Chaitanya Bharathi Institute of Technology, Hyderabad, India; Dept. of CSE, Chaitanya Bharathi Institute of Technology, Hyderabad, India; Dept. of CSE, Chaitanya Bharathi Institute of Technology, Hyderabad, India",2024 2nd International Conference on Artificial Intelligence and Machine Learning Applications Theme: Healthcare and Internet of Things (AIMLA),"21 May 2024","2024","","","1","7","Farmers have faced several difficulties as a result of the traditional techniques to identify leaf diseases, which have led to significant losses. Thankfully, technological developments have allowed us to effectively create leaf disease monitoring devices that help with early disease diagnosis. This paper investigates the realm of crop pest as they cause significant economic, social and environmental losses globally, making precise identification crucial for pest control in agriculture. Effective pest and disease management requires accurate and timely detection and classification of these pests and diseases. Deep learning techniques, especially convolutional neural networks (CNNs) and YOLOv8 algorithms, have emerged as highly accurate and efficient tools for image-based pest and disease detection. Using CNN and YOLOv8 algorithms, this project aims to create a robust and efficient crop pest detection and classification system. To accomplish this goal, a large dataset of labelled images of various crop pests and diseases will be collected and preprocessed. Following that, using the prepared dataset, a CNN architecture will be designed and trained with the goal of extracting and analyzing key features from pest and disease images. Furthermore, the YOLOv8 object detection algorithm will be used to detect and classify pests and diseases in images. The trained CNN and YOLOv8 models will be integrated into an easy-to-use interface that will allow farmers and agricultural professionals to detect and identify crop pests and diseases in their fields. The proposed system’s performance will be measured using metrics such as accuracy, precision, recall, and mean average precision (mAP). The successful development of this crop pest detection and classification system will provide farmers with a valuable tool for timely and accurate pest and disease identification, ultimately contributing to improved crop health, yields, and agricultural productivity.","","979-8-3503-4922-1","10.1109/AIMLA59606.2024.10531428","","https://ieeexplore.ieee.org/stamp/stamp.jsp?arnumber=10531428","Pests identification;deep learning;CNN;beneficial pests;harmful pests;YOLO;autoencoders;ResNet;CapsNets","Deep learning;Training;YOLO;Scalability;Crops;Feature extraction;Classification algorithms","","3","","21","IEEE","21 May 2024","15-16 March 2024","15-16 March 2024","IEEE","IEEE Conferences"
"Benchmarking Deep Object Detection Models for Agricultural Pest Identification: A Case Study on Potato Crops","S. Hadianti; D. Riana; M. Haris; D. N. Sulistyowati","Doctoral program, Informatics study program, Faculty of Technology Information, Universitas Nusa Mandiri, East Jakarta, Indonesia; Doctoral program, Informatics study program, Faculty of Technology Information, Universitas Nusa Mandiri, East Jakarta, Indonesia; Doctoral program, Informatics study program, Faculty of Technology Information, Universitas Nusa Mandiri, East Jakarta, Indonesia; Information system study program, Faculty of Technology Information, Universitas Nusa Mandiri, East Jakarta, Indonesia",2025 International Conference on Information Technology Research and Innovation (ICITRI),"17 Nov 2025","2025","","","1","6","Accurate pest detection is a crucial aspect in the world of agriculture, especially in potato plants which are one of the largest food production in the world. This study aims to compare the performance of three deep learning-based object detection models, namely Faster R-CNN, RetinaNet, and Mask R-CNN in identifying pests in potato plants. The dataset used consists of 636 annotated images from public datasets and datasets collected directly from field conditions covering various types of common pests in potatoes. The three models were trained and evaluated using standard metrics, namely mean Average Precision (mAP), precision, recall, and inference time. The results showed that among the Faster RCNN, RetinaNet, and Mask R-CNN models, the RetinaNet model showed the highest mAP value among the three models with a presentation of 67.6 %. In terms of speed, there was no significant difference between the three models. These findings can be a reference for researchers and farmers in choosing the right computer vision model for smart agriculture-based pest management systems.","","979-8-3315-6940-2","10.1109/ICITRI67507.2025.11232668","","https://ieeexplore.ieee.org/stamp/stamp.jsp?arnumber=11232668","Faster R-CNN;RetinaNet;Mask R-CNN;Pests Identification;Object Detection","Measurement;Precision agriculture;Technological innovation;Accuracy;Computational modeling;Object detection;Benchmark testing;Real-time systems;Object recognition;Standards","","","","24","IEEE","17 Nov 2025","11-12 Sept. 2025","11-12 Sept. 2025","IEEE","IEEE Conferences"
"Research on Crop Pest and Disease Diagnosis Method Based on Improved Faster R-CNN","Z. Yu","School of Automation, Wuhan University of Technology, Wuhan, China",2023 5th International Conference on Artificial Intelligence and Computer Applications (ICAICA),"31 Jan 2024","2023","","","46","50","Crop diseases and pests pose a significant threat to global food production. To effectively identify and combat these threats, this article introduces a method for intelligent detection using computer vision technology. Given the inadequacy of existing datasets for real-world applications, this study emphasizes the application of deformable convolution. This convolution technique enhances performance in complex spatial deformations by introducing offsets for sampling points of each convolutional kernel. Alongside the Faster R-CNN framework, we present a comprehensive intelligent detection workflow, elaborating from data collection and preprocessing to model evaluation and final disease detection. Experimental results indicate the proposed method can effectively detect and distinguish different crop diseases.","2833-8413","979-8-3503-2331-3","10.1109/ICAICA58456.2023.10405454","","https://ieeexplore.ieee.org/stamp/stamp.jsp?arnumber=10405454","Crop diseases and pests;deformable convolution;Faster R-CNN;intelligent detection;computer vision","Convolution;Deformation;Crops;Production;Object detection;Medical diagnosis;Diseases","","1","","7","IEEE","31 Jan 2024","28-30 Nov. 2023","28-30 Nov. 2023","IEEE","IEEE Conferences"
"Crop Pest and Disease Recognition Based on Improved ConvNeXt and Swin Transformer","M. Zhu; X. Qin; Y. Chen","Shanghai Polytechnic University, Shanghai, China; Shanghai Polytechnic University, Shanghai, China; Sanda University, Shanghai, China",2024 International Conference on Orange Technology (ICOT),"27 Mar 2025","2024","","","1","4","Agriculture is essential for global food security, which significantly impacts human happiness and overall wellbeing. As the population grows, improving agricultural productivity becomes crucial for ensuring a stable food supply and supporting societal welfare. Pests have long affected crop yields, threatening both food security and quality of life. This paper leverages deep learning by combining ConvNeXt and Swin Transformer models. A newly proposed attention mechanism, CAFM Fusion, enhances feature fusion, while Mixup and dynamic learning rate adjustment help prevent overfitting. Tested on IP102 and PlantVillage datasets, our model achieved 75.75% and 99.89% accuracy, respectively, contributing to sustainable agriculture and better well-being.","","979-8-3315-2360-2","10.1109/ICOT64290.2024.10936957","","https://ieeexplore.ieee.org/stamp/stamp.jsp?arnumber=10936957","Agriculture;pest and disease;deep learning;transfer learning;ConvNeXt;Swin Transformer","Deep learning;Accuracy;Diversity reception;Transfer learning;Food security;Tail;Transformers;Agriculture;Social implications of technology;Diseases","","3","","13","IEEE","27 Mar 2025","15-18 Dec. 2024","15-18 Dec. 2024","IEEE","IEEE Conferences"
"PestinaNet- A Real-Time Crop Pest Detection System","H. Abid; N. Nida; A. Irtaza","Department of Computer Science, University of Engineering and Technology, Taxila, Pakistan; National Science and Technology Park, NUST, Islamabad, Pakistan; Department of Computer Science, University of Engineering and Technology, Taxila, Pakistan",2022 2nd International Conference on Computing and Machine Intelligence (ICMI),"5 Sep 2022","2022","","","1","4","Crop pests are the major factor that reduce the crop yield and influence the health of crops. However, manual identification of pests is time-consuming, and there is a high probability that some pests would go unnoticeable. Therefore, farmer’s essential task is to identify, maintain and control the pest’s population to ensure crop health and quality yield. In this research, we propose an autonomous pest detection system that uses a deep learning technique to assist farmers in localization of pests. Towards this, we used RetinaNet and modified it for pest detection. The experiments are evaluated on publicly available IP102 dataset comprising 97 classes. The PestinaNet was used for pest detection due to its capability to resolve the issue of class imbalance problem between crop and pest pixels. Our experimental findings reveal a significant performance gain of 51.91% mean average precision(mAP) on the benchmark IP102 dataset in contrast with state-of-the-art methods. The proposed work has practical bearing in the development of an automatic pest detection system.","","978-1-6654-7483-2","10.1109/ICMI55296.2022.9873654","","https://ieeexplore.ieee.org/stamp/stamp.jsp?arnumber=9873654","Smart Agriculture;Crop Pests;IP102;PestinaNet;Deep learning;Crop Pest Detection","Visualization;Sociology;Crops;Spraying;Manuals;Benchmark testing;Performance gain","","4","","20","IEEE","5 Sep 2022","15-16 July 2022","15-16 July 2022","IEEE","IEEE Conferences"
"State-of-the-Art Deep Learning Algorithms for Internet of Things-Based Detection of Crop Pests and Diseases: A Comprehensive Review","J. Pierre Nyakuri; C. Nkundineza; O. Gatera; K. Nkurikiyeyezu","African Centre of Excellence in Internet of Things (ACEIoT), University of Rwanda, Kigali, Rwanda; African Centre of Excellence in Internet of Things (ACEIoT), University of Rwanda, Kigali, Rwanda; African Centre of Excellence in Internet of Things (ACEIoT), University of Rwanda, Kigali, Rwanda; African Centre of Excellence in Internet of Things (ACEIoT), University of Rwanda, Kigali, Rwanda",IEEE Access,"21 Nov 2024","2024","12","","169824","169849","Plant pest and disease management, especially in the early stages of infestation, is a critical challenge that poses significant threats and has potential to devastate agricultural crops, causing total yield loss and food insecurity. Traditional inspection methods are time-consuming and prone to errors due to limited labor expertise. Therefore, to tackle these challenges, harnessing advanced technologies such as artificial intelligence (AI), Machine Learning/Deep Learning (ML/DL), and Internet of Things (IoT) is essential for managing and mitigating agriculture hazards. This research presents a comprehensive review of the state-of-the-art DL architectures integrated with IoT-based systems applied to plant pest and disease detection (PPDD) by investigating different potential approaches that have been employed using DL and IoT up to the year 2024 to address challenges in agriculture. Convolutional Neural Network (CNN) architectures for image recognition, object detection, and their integration with IoT, embedded into mobile devices and unmanned aerial vehicles (UAV) are explored. Moreover, the research discusses the advantages and limitations of these techniques, emphasizing their architecture design, efficiency and accuracy. The findings demonstrate that there is a tradeoff between robustness and complexity among existing techniques, and authors recommend future trends aimed at creating robust models with fewer parameters that are more accurate and easily implementable on small IoT-based and portable devices suitable for in-field and real-time applications. Furthermore, while existing review papers discuss either DL or IoT separately, this research paper uniquely focuses on their combined models, providing a comprehensive overview of the synergistic potential of leveraging IoT-driven technologies alongside advanced DL algorithms to ease the task of researchers in the field of precision agriculture particularly in PPDD.","2169-3536","","10.1109/ACCESS.2024.3455244","","https://ieeexplore.ieee.org/stamp/stamp.jsp?arnumber=10666658","Deep learning;machine learning;crop pest detection;crop disease detection;convolutional neural networks;Internet of Things","Crops;Internet of Things;Reviews;Agriculture;Image recognition;Accuracy;Deep learning;Plant diseases;Convolutional neural networks","","38","","187","CCBY","5 Sep 2024","2024","","IEEE","IEEE Journals"
"Pest and Disease Detection and Classification Using YOLOv8","K. Aditya; A. R. Sai Venkata Manikanta; S. Dhamodaran; J. Refonaa; S. L. Jany Shabu; M. Maheswari","Dept. of Computer Science & Engineering, Sathyabama Institute of Science & Technology, Chennai, India; Dept. of Computer Science & Engineering, Sathyabama Institute of Science & Technology, Chennai, India; Dept. of Computer Science & Engineering, Sathyabama Institute of Science & Technology, Chennai, India; Dept. of Computer Science & Engineering, Sathyabama Institute of Science & Technology, Chennai, India; Dept. of Computer Science & Engineering, Sathyabama Institute of Science & Technology, Chennai, India; Dept. of Computer Science & Engineering, Sathyabama Institute of Science & Technology, Chennai, India",2025 Global Conference in Emerging Technology (GINOTECH),"17 Jul 2025","2025","","","1","4","To achieve real time detection and classification of pests to increase agricultural productivity the system is proposed to be a YOLOv8 based pest detection system. Images of agricultural fields and storage are processed by the system based on these captured by drones and stationary cameras and a pest is detected with high speed and accuracy. The system combines a large computational power and high speed performance of the YOLOv8 algorithm to precisely locate the pest in time to provide timely intervention and targeted pest control. In addition, it not only saves damage to crops but also it improves pest management and thus makes the farm perform well using a sustainable farming approach. Most suitable for different agricultural situations with less application and support for more sustainable agricultural practices because of the system’s capacity to adapt to changing environmental conditions and pest population dynamics.","","979-8-3315-0775-6","10.1109/GINOTECH63460.2025.11077023","","https://ieeexplore.ieee.org/stamp/stamp.jsp?arnumber=11077023","YOLOv8 algorithm;Pest detection;Precision agriculture;Real-time object detection;Agricultural pest management;Computer vision in agriculture","Productivity;Precision agriculture;Accuracy;Crops;Pesticides;Pest control;Thermal sensors;Real-time systems;Farming;Drones","","","","10","IEEE","17 Jul 2025","9-11 May 2025","9-11 May 2025","IEEE","IEEE Conferences"
"Optimizing Pesticide Decisions with Deep Transfer Learning by Recognizing Crop Pest","P. Bari; L. Ragha","Information Technology Department, Terna Engineering College, Fr. C. Rodrigues Institute of Technology, Vashi, Navi-Mumbai, India; Computer Department, Fr. C. Rodrigues Institute of Technology, Vashi, Navi-Mumbai, India","2023 International Conference on New Frontiers in Communication, Automation, Management and Security (ICCAMS)","15 May 2024","2023","1","","1","6","The goal of this study is to design a user-friendly web application to help farmers to lead farming activities and maximize their profits by using deep transfer learning techniques for identifying pests. Insects are a huge problem in agricultural activity hindering production and causing tremendous loss of agricultural produce. The growth of pests leads to loss of production, therefore, dealing with these pests in a timely manner is of utmost importance. It is estimated that the insect pest on average causes 15–20 per cent losses of yield in food and cash crops. The proposed work aims to strengthen our farmers by helping them adopt technology to increase yield and productivity by using deep transfer learning models by identifying pests and then suggest pesticides that need to be used. Classifier for identifying pests contains hundreds of thousands of parameters, and building one from the beginning needs a large amount of labelled training data as well as powerful processing to attain accurate results. These constraints are largely overcome via transfer learning. This study employs deep transfer learning to identify pests and suggest the best pesticides using Residual Neural Network (ResNet50) and Visual Geometry Group Network (VGG16) which were trained using pre-trained ImageNet. ResNet50 and VGG16 are trained and it is observed that VGG16 outperforms with an accuracy of 99%. The pesticide recommendation model will suggest farmer, which pesticide to use based on an insect image uploaded by the farmer. Thus it assists users in implementing technology to produce crops effectively and, as a result, succeed in increasing yields at a reasonable price.","","979-8-3503-1706-0","10.1109/ICCAMS60113.2023.10525699","","https://ieeexplore.ieee.org/stamp/stamp.jsp?arnumber=10525699","Pesticide recommendation;Prediction;Deep learning;Transfer learning;VGG16;Convolution neural network","Smart agriculture;Visualization;Insects;Transfer learning;Crops;Training data;Pesticides","","2","","15","IEEE","15 May 2024","27-28 Oct. 2023","27-28 Oct. 2023","IEEE","IEEE Conferences"
"A crop pest and disease detection algorithm based on multi-scale feature enhancement and adaptive convolution","M. Wang; S. Zhan","Intelligent Agriculture Research Center, Southeast Digital Economy Development Research Institute, Zhejiang, China; School of Automation, Southeast University, Jiangsu, China",2025 5th International Conference on Computer Systems (ICCS),"19 Dec 2025","2025","","","29","32","Crop disease and pest detection accuracy critically impacts agricultural safety and economic outcomes. Traditional algorithms often fail to balance small-target detection and accuracy in complex field environments. To overcome this, we propose YOLO-MSFA, an enhanced YOLO-based detection framework. The approach includes: (1) a hybrid augmentation strategy with adversarial perturbations to improve robustness; (2) a multi-scale feature pyramid with residual connections and lightweight convolutions for better reuse and emphasis on small targets like disease spots; and (3) a dynamic fusion module using dual-branch dilated convolution with adaptive weighting to integrate multi-scale local features, enhancing performance in complex scenes. Experimental results demonstrate that, compared to other benchmark algorithms, the proposed method achieves an average mAP50 of 99.1% on the citrus dataset and significant improvements on tea, wheat, and rice datasets, exhibiting significant advantages especially on datasets with complex backgrounds.","","979-8-3315-7507-6","10.1109/ICCS67844.2025.11291781","","https://ieeexplore.ieee.org/stamp/stamp.jsp?arnumber=11291781","crop pests and diseases;object detection;multi-scale feature enhancement;adaptive convolution","YOLO;Smart agriculture;Adaptation models;Accuracy;Perturbation methods;Crops;Feature extraction;Robustness;Safety;Diseases","","","","9","IEEE","19 Dec 2025","26-28 Sept. 2025","26-28 Sept. 2025","IEEE","IEEE Conferences"
"Research on Intelligent Detection Algorithm for Large Target Crop Pests Based on Improved YOLO","Z. Zhou","College of Information Engineering, Shanghai Maritime University, Shanghai, China",2025 5th International Conference on Computer Science and Blockchain (CCSB),"17 Sep 2025","2025","","","150","153","To address the challenges of large-scale targets, complex backgrounds, and low detection accuracy in crop pest detection, this paper proposes an intelligent detection method for large-scale crop pests based on improved YOLO. First, a large-scale dataset containing 9 common crop pests with over 7,000 images is constructed. Second, a multi-scale feature fusion network is designed to improve the detection ability of the model for large-scale pest targets. Then, attention mechanisms and improved convolutional structure are introduced to improve detection accuracy in complex farmland environments. Finally, validation experiments are conducted on the self-built dataset. Experimental results show that the improved YOLO model achieves an mAP@0.5 of 81.4% in pest detection tasks, which is 5.6% higher than the baseline YOLOv10n, meeting real-time detection requirements. This method provides effective technical support for intelligent crop pest monitoring.","","978-1-6654-7781-9","10.1109/CCSB66722.2025.11154199","","https://ieeexplore.ieee.org/stamp/stamp.jsp?arnumber=11154199","pest detection;yolo;object detection;deep learning","YOLO;Location awareness;Accuracy;Attention mechanisms;Crops;Interference;Feature extraction;Real-time systems;Detection algorithms;Monitoring","","","","9","IEEE","17 Sep 2025","1-3 Aug. 2025","1-3 Aug. 2025","IEEE","IEEE Conferences"
"Pest Detection and Recognition: An approach using Deep Learning Techniques","N. C. Kundur; P. B. Mallikarjuna","Dept. of CSE, JSS Academy of Technical Education, Bengaluru, India; Dept. of CSE, JSS Academy of Technical Education, Bengaluru, India",2022 Fourth International Conference on Cognitive Computing and Information Processing (CCIP),"31 Mar 2023","2022","","","1","6","Insect pest management is one of the most important ways to enhance crop productivity and quality in agriculture. We need to detect insect pest's timely and accurate manner, which is critical to agricultural production. This paper aims to provide effective pest detection in a wide area. The real-time application of this work can be used to detect pest which affects agricultural crops vastly. Here deep learning algorithm is used to detect pests for an IP102 dataset which consists of 75000 images. We have implemented the K-Means clustering algorithm which is used for creating groups of classes or clusters for pixel-based extraction of pests using Mat lab. Performance metrics like algorithm accuracy, precision, recall, and F-1 score are evaluated accordingly. We have obtained a validation accuracy of 97.98% which outperforms the other existing methods.","","978-1-6654-5648-7","10.1109/CCIP57447.2022.10058692","","https://ieeexplore.ieee.org/stamp/stamp.jsp?arnumber=10058692","Pest detection;K-means;Deep Learning;Pixel- based Extraction;Mat lab","Deep learning;Productivity;Measurement;Insects;Clustering algorithms;Crops;Information processing","","9","","20","IEEE","31 Mar 2023","23-24 Dec. 2022","23-24 Dec. 2022","IEEE","IEEE Conferences"
"An Optimized Lightweight Crop Pest Detection Method","Z. Cheng; R. Huang; R. Qian; S. Zhang; X. Jiang; M. Liu; X. Qu","School of Computer Science and Technology, Anhui University of Technology, Ma’anshan, China; School of Computer Science and Technology, Anhui University of Technology, Ma’anshan, China; Institute of Agricultural Economy and Information, Anhui Academy of Agricultural Sciences, Hefei, China; School of Computer Science and Technology, Anhui University of Technology, Ma’anshan, China; School of Computer Science and Technology, Anhui University of Technology, Ma’anshan, China; School of Computer Science and Technology, Anhui University of Technology, Ma’anshan, China; School of Computer Science and Technology, Anhui University of Technology, Ma’anshan, China","2023 4th International Conference on Big Data, Artificial Intelligence and Internet of Things Engineering (ICBAIE)","17 Oct 2023","2023","","","154","158","The practical application of crop pest detection methods has been limited by the large number of parameters and computations, and we built a lightweight crop pest detection method YOLOLite-CSG in our previous research, which basically removed this limitation. However, further analysis shows that YOLOLite-CSG still has problems that affect the performance in terms of the prior box generation method, downsampling method and bounding box regression loss function. In response to these problems, this paper proposes the prior box generation method based on label box oversampling and clustering (BS-Medians), the downsampling method based on parallel feature transformation (PSPD-Conv), and the bounding box regression loss function with size difference optimization capability (FIoU Loss). We optimize YOLOLite-CSG using the above methods to build YOLOLite-X, an optimized lightweight crop pest detection method. The experiment results show that YOLOLite-X exceeds YOLOLite-CSG in crop pest detection precision and is higher than other state-of-the-art methods. Meanwhile, YOLOLite- X has a smaller number of parameters and computations, which is more conducive to practical deployment and application.","","979-8-3503-4361-8","10.1109/ICBAIE59714.2023.10281305","","https://ieeexplore.ieee.org/stamp/stamp.jsp?arnumber=10281305","crop pest detection;prior box generation method;downsampling method;bounding box regression loss function","Degradation;Crops;Optimization methods;Big Data;Feature extraction;Internet of Things;Usability","","1","","15","IEEE","17 Oct 2023","25-27 Aug. 2023","25-27 Aug. 2023","IEEE","IEEE Conferences"
"Classification of Insect Pest Species using CNN based Models","N. Agarwal; T. Kalita; A. K. Dubey","Dept of Electronics & Communication Engineering, Amity School of Engineering and Technology, Amity University Uttar Pradesh, Noida, Uttar Pradesh, India; Dept of Electronics & Communication Engineering, Amity School of Engineering and Technology, Amity University Uttar Pradesh, Noida, Uttar Pradesh, India; Dept of Electronics & Communication Engineering, Amity School of Engineering and Technology, Amity University Uttar Pradesh, Noida, Uttar Pradesh, India",2023 International Conference on Computational Intelligence and Sustainable Engineering Solutions (CISES),"21 Jul 2023","2023","","","862","866","The group of animals that is considered to be the most diverse on this planet are insects, with an estimate of 5.5 million to 10 million species. Insects falling under the category of pests are the focus of this paper. Pests transmit and carry various diseases that are harmful not only for the crops but also for the population that is consuming them. Hence, early recognition of these insect pests is essential. In this paper, IP102 dataset is being used, which is a collection of insect pest species. The IP102 dataset consists of 102 species, having more than 75,000 images. Five different pre-trained Deep Learning models, namely, DenseNet-169, MobileNetV2, ResNeXt-50, VGG-16, and VGG-19 are being used in this paper. The performance of these models is then being evaluated on IP102 dataset for the identification of insect pest species. The accuracy of each model achieved is further compared to obtain the one with optimal performance.","","979-8-3503-2391-7","10.1109/CISES58720.2023.10183545","","https://ieeexplore.ieee.org/stamp/stamp.jsp?arnumber=10183545","Deep Learning;insect identification;insect pest;image classification;IP102","Training;Deep learning;Planets;Insects;Sociology;Real-time systems;Mobile applications","","9","","13","IEEE","21 Jul 2023","28-30 April 2023","28-30 April 2023","IEEE","IEEE Conferences"
"YOLOv5 for Agricultural Pest Management: Real-Time Detection of Rice Insects in Field Conditions","A. Kaushik; K. Banjare; R. R. Saxena; A. Kaushik; A. Kaushik; S. K. Singh","National Informatic Centre (NIC), Mahanadi Bhawan, Atal Nagar, Chhattigarh; Indira Gandhi Krishi Vishwavidyalaya Krishak Nagar, Chhattisgarh; Mahatma Gandhi Udyanikee Evam Vanikee Vishwavidyalaya, Chhattisgarh; Mahatma Gandhi Udyanikee Evam Vanikee Vishwavidyalaya, Chhattisgarh; Department of fruit science, KD College of Horticulture and Research Station, Chhattisgarh; Department of Electrical Engineering, Indian Institute of Technology Bhilai, Chhattisgarh","2025 International Conference on Electronics and Computing, Communication Networking Automation Technologies (ICEC2NT)","19 Feb 2026","2025","","","1","6","Rice cultivation faces significant challenges from insect pests, which result in substantial yield losses and drive extensive pesticide usage with environmental and health repercussions. This study explores the deployment of the YOLOv5 deep learning model for the precise detection of 12 major rice insect pests using a custom dataset of 25,500 annotated images. The images, collected from central Indian agricultural zones and validated by experts, reflect diverse conditions, developmental stages, and real-field variability. Comprehensive preprocessing, augmentation, and annotation were performed using Roboflow, followed by structured training and evaluation of multiple variants of YOLOv5 (n, s, m, 1 and x). Among them, YOLOv5x demonstrated the best performance with high precision (0.976), recall (0.817), and mAP @ 0.5: 0.95(0.733), making it optimal for high accuracy detection with feasible computation. The results affirm the model's capability for real-time pest identification, offering scalable solutions for sustainable integrated pest management (IPM) in smart farming practices.","","979-8-3315-2345-9","10.1109/ICEC2NT65402.2025.11379957","","https://ieeexplore.ieee.org/stamp/stamp.jsp?arnumber=11379957","YOLO;deep learning;pest identification;rice insect;computer vision","YOLO;Deep learning;Training;Smart agriculture;Accuracy;Insects;Computational modeling;Pesticides;Performance metrics;Real-time systems","","","","16","IEEE","19 Feb 2026","3-4 Sept. 2025","3-4 Sept. 2025","IEEE","IEEE Conferences"
"EC-YOLO: Enhanced YOLOv10 for Agricultural Pest Detection","Y. Tang; S. Duan; L. Wang","College of Artificial Intelligence Southwest University, Chongqing, China; College of Artificial Intelligence Southwest University, Chongqing, China; College of Artificial Intelligence Southwest University, Chongqing, China",2025 5th International Conference on Consumer Electronics and Computer Engineering (ICCECE),"15 May 2025","2025","","","525","529","Agricultural pests pose a significant threat to agricultural production. There is an urgent need for efficient and accurate pest detection methods to guide rational pesticide application. Traditional pest detection relies on on-site inspections by experts, which are costly and inefficient. In recent years, deep learning technologies have made substantial progress in pest recognition but still struggle with detecting multiple types of pests in complex natural environments. To address these challenges, this paper introduces a new model based on YOLOv10, called ECYOLO, which makes the following key improvements:Firstly, this paper designed an Edge Information Perception Enhancement module to replace the traditional Cross Stage Partial Bottleneck with 2 Convolutions module. This module integrates multi-scale pooling branches and edge information extractor module, effectively capturing multi-scale features and edge information in images. Secondly, this paper designed the Cross-Stage Weighted Feature Pyramid Network module, which fuses feature maps of different scales and employs an adaptive weighting mechanism to enhance the effectiveness of feature fusion.Experimental results indicate that EC-YOLO outperforms the YOLOv10 model on the IP102 datasets, with an mAP50 improvement of 2.6%, reaching 65.8%, and a recall improvement of 2.1%, reaching 63.3%. Additionally, EC-YOLO surpasses six other popular object detection models, demonstrating superior performance.","","979-8-3315-3311-3","10.1109/ICCECE65250.2025.10984447","National Natural Science Foundation of China(grant numbers:CQYC20210302257); ","https://ieeexplore.ieee.org/stamp/stamp.jsp?arnumber=10984447","YOLO;Agricultural pests;Pest detection;EC-YOLO","YOLO;Deep learning;Adaptation models;Image edge detection;Production;Pesticides;Inspection;Feature extraction;Neck;Data mining","","","","6","IEEE","15 May 2025","28 Feb.-2 March 2025","28 Feb.-2 March 2025","IEEE","IEEE Conferences"
"Enhanced Camouflaged Object Detection for Agricultural Pest Management: Insights from Unified Benchmark Dataset Analysis","S. M. Hussain; S. A. Zaidi; A. Hyder; S. M. Ali Rizvi; M. Farhan","School of Science and Engineering, Habib University, Karachi, Pakistan; School of Science and Engineering, Habib University, Karachi, Pakistan; School of Science and Engineering, Habib University, Karachi, Pakistan; School of Science and Engineering, Habib University, Karachi, Pakistan; School of Science and Engineering, Habib University, Karachi, Pakistan",2024 21st International Bhurban Conference on Applied Sciences and Technology (IBCAST),"18 Feb 2025","2024","","","273","280","In recent decades, the severity of climate change has led to a rise in the frequency of agricultural pest attacks on farms causing significant economic damage and food shortages. Effective management of pests, specifically Camouflaged pests, poses significant challenges in agriculture, requiring accurate automated detection and segmentation. In this study, we leverage state-of-the-art object detection and segmentation models, specifically the single-stage YOLOv8 model, fine-tuned on a large-scale Unified Benchmark Camouflaged Object Detection Dataset (UBCODD) consisting of 52,447 images. Furthermore, we extend our analysis to benchmark agricultural pest datasets such as IP-102 and the Locust-Mini Dataset, showcasing competitive performance metrics. This integrated approach allows us to capture agricultural camouflaged pests with greater detail and accuracy. Our findings lay the groundwork for the advancement of single-stage object detectors and segmentation models in the field of agriculture. Moreover, we contribute to open-source initiatives in agricultural technology by generating bounding box annotations for the entire IP-102 and binary masks for the Agricultural Pests Image Dataset. This research signifies a significant advancement in agricultural pest recognition and segmentation using cutting-edge computer vision technologies.","2151-1411","979-8-3315-1668-0","10.1109/IBCAST61650.2024.10877064","","https://ieeexplore.ieee.org/stamp/stamp.jsp?arnumber=10877064","Camouflaged Pests;Camouflaged Object Detection;Pest Detection;UBCODD;Camouflaged Segmentation","Measurement;Image segmentation;Computer vision;Accuracy;Biological system modeling;Computational modeling;Object detection;Benchmark testing;Agriculture;Real-time systems","","2","","46","IEEE","18 Feb 2025","20-23 Aug. 2024","20-23 Aug. 2024","IEEE","IEEE Conferences"
"Agro-vision IoT-enabled Crop Pest Recognition System based on VGG-16","C. U. Udeogu; C. I. Nwakanma; I. A. Ayoade; C. S. Amadi; U. F. Eze","Electrical & Computer Engineering, University of Maryland, College Park, Maryland, USA; ICT Convergence Research Center, Kumoh National Institute of Technology, Gumi, South Korea; Mechatronics Engineering, First Technical University, Ibadan, Nigeria; Information Technology, Federal University of Technology, Owerri, Nigeria; Information Technology, Federal University of Technology, Owerri, Nigeria",2023 2nd International Conference on Multidisciplinary Engineering and Applied Science (ICMEAS),"29 Feb 2024","2023","1","","1","5","It is more difficult to implement recognition of crop pests in the field than the generic object recognition task because of the high variation among crop pest species which usually leads to the misclassification of crop pests from the same class. Furthermore, in deploying these recognition systems to the field, intensive hardware setups are mostly used. To improve the recognition accuracy, this paper proposes an IoT-enabled crop pest recognition system (CPRS) that utilizes Visual Geometry Group (VGG-16) which uses the multi-level learning features obtained from pest images for the automatic classification of crop pests. The Accuracy result of 88.72% obtained validates the reliability and robustness of the proposed method as capable of detecting the presence of pests in different leaf image samples.","","979-8-3503-5883-4","10.1109/ICMEAS58693.2023.10429830","","https://ieeexplore.ieee.org/stamp/stamp.jsp?arnumber=10429830","Agro-vision;bioimaging;Internet of Things;pest recognition;VGG-16","Representation learning;Visualization;Image recognition;Simulation;Crops;Robustness;Task analysis","","2","","28","IEEE","29 Feb 2024","1-3 Nov. 2023","1-3 Nov. 2023","IEEE","IEEE Conferences"
"A Crop Pest Classification Model Using Deep Learning Techniques","M. A. Malek; S. S. Reya; M. Z. Hasan; S. Hossain","Computer Science and Engineering, Daffodil International University, Dhaka, Bangladesh; Computer Science and Engineering, Daffodil International University, Dhaka, Bangladesh; Computer Science and Engineering, Daffodil International University, Dhaka, Bangladesh; Computer Science and Engineering, Daffodil International University, Dhaka, Bangladesh","2021 2nd International Conference on Robotics, Electrical and Signal Processing Techniques (ICREST)","1 Feb 2021","2021","","","367","371","This paper provides a pest identification system to classify crops' beneficial and harmful pests. For that purpose, the paper first provides a detailed description of the available pests-identification techniques along with their pros and cons. Based on the investigation, a novel classification technique is proposed in this paper. The proposed pests-identification and classification model has been developed using the Convolutional Neural Network (CNN). The model has been trained with a dataset of 9,500 images of 20 different pests. The system has been tested with a huge amount of data and validated across other traditional classification models. The classification accuracy of the proposed system is measured by 90% that is far more superior to other conventional methods.","","978-1-6654-1576-7","10.1109/ICREST51555.2021.9331154","","https://ieeexplore.ieee.org/stamp/stamp.jsp?arnumber=9331154","pest-identification;deep learning;CNN;crops;transfer learning;beneficial pest;harmful pest","Deep learning;Signal processing;Agriculture;Data models;Complexity theory;Convolutional neural networks;Robots","","16","","19","IEEE","1 Feb 2021","5-7 Jan. 2021","5-7 Jan. 2021","IEEE","IEEE Conferences"
"A Preventive Environment for Pest Over the Crops Using Simplified Network Architecture","K. A R; R. P; B. S; R. Santhosh","Department of Artificial Intelligence and Data Science, Karpagam Academy of Higher Education, Coimbatore, India; Department of Artificial Intelligence and Data Science, Karpagam Academy of Higher Education, Coimbatore, India; Department of Artificial Intelligence and Data Science, Karpagam Academy of Higher Education, Coimbatore, India; Department of Computer Science and Engineering, Karpagam Academy of Higher Education, Coimbatore, India",2025 4th International Conference on Sentiment Analysis and Deep Learning (ICSADL),"27 Mar 2025","2025","","","325","330","Crop pests can significantly impact productivity, making early detection and prevention crucial for management. Machine learning approaches are being used to forecast crop diseases using a variety of data sets. Relatively easy access to the environment data has resulted in a lot of attempts at predicting diseases and pests using this data. In this research, we provide a model that uses deep learning technique known as Simplified YOLO 3.1 architecture to examine past crop growth environment data to forecast illnesses. Utilizing large public datasets on crops such as tomato, pepper, grape, strawberry, and paprika, we show that the model is capable of accurately forecasting crop pest and disease risk. With an average accuracy of 98% and precision of 96%, it showed excellent predictive power. The anticipated results can help with post-harvest processing or insect control. It is expected that this learning framework and crop disease prediction model, which is based on environmental data, will be extensively useful for the prevention of pests and diseases in various facilities and crops.","","979-8-3315-2392-3","10.1109/ICSADL65848.2025.10933172","","https://ieeexplore.ieee.org/stamp/stamp.jsp?arnumber=10933172","pest;control;prediction;infection;learning model","YOLO;Deep learning;Accuracy;Prevention and mitigation;Crops;Spraying;Predictive models;Pest control;Real-time systems;Diseases","","1","","12","IEEE","27 Mar 2025","18-20 Feb. 2025","18-20 Feb. 2025","IEEE","IEEE Conferences"
"PestDSS: An Integrated Decision Support System for Sustainable Pest Management in Agriculture","Z. Yuan; S. Li; R. Peng; D. Leybourne; P. Yang; Y. Li","Department of Computer Science, The University of Sheffield, Sheffield, United Kingdom; Department of Computer Science, The University of Sheffield, Sheffield, United Kingdom; Department of Computer Science, The University of Sheffield, Sheffield, United Kingdom; Department of Evolution, Ecology and Behaviour, The University of Liverpool, Liverpool, United Kingdom; Department of Computer Science, The University of Sheffield, Sheffield, United Kingdom; Research and Development Mutus-Tech Ltd, Liverpool, United Kingdom",2023 IEEE 32nd International Symposium on Industrial Electronics (ISIE),"31 Aug 2023","2023","","","1","6","The direct and indirect damage to crops caused by pests is a major factor affecting crop yields. Providing farmers with professional and cost-effective pest management decisions in a timely and accurate manner is a challenge in precision agriculture. Currently, researchers propose agricultural decision support systems using database and data analysis techniques to provide farmers with expert support and economic thresholds for pest management. However, these efforts overlook the challenge of identifying multiple pest species for agricultural workers and human error in the manual monitoring of pest densities. We propose PestDSS, an object detection-based decision support system to address the aforementioned challenges, which integrates agricultural decision support systems and state-of-the-art object detection models to semi-automatically make pest management decisions for farmers. Specifically, PestDSS includes a cloud-based farm information management module that allows users to manage their own farm data, a knowledge base of agriculture module, and a decision-making tool module for pest management. The decision-making tool combines outputs of an object detection model with optimisable thresholds developed through expert knowledge to provide pest management decisions. The proposed pest detection model outperforms current state-of-the-art object detection models on three pest detection datasets. We apply PestDSS to a case study of wheat pest management to demonstrate the usability of the system and illustrate the potential for its use.","2163-5145","979-8-3503-9971-4","10.1109/ISIE51358.2023.10228070","Innovate UK; ","https://ieeexplore.ieee.org/stamp/stamp.jsp?arnumber=10228070","Decision Support System;Object Detection;Integrated Pest Management","Decision support systems;Biological system modeling;Scalability;Knowledge based systems;Crops;Object detection;Agriculture","","13","","23","IEEE","31 Aug 2023","19-21 June 2023","19-21 June 2023","IEEE","IEEE Conferences"
"A Systematic Review Towards a Farmer-Feasible Soil Parameter Monitoring with Crop Pest Detection","K. P. Varma; V. K. Naik","Electronics Communication & Engineering, Bharatiya Engineering Science & Technology Innovation University (BESTIU), Andhra Pradesh; Electronics Communication & Engineering, Chaitanya Deemed to be University, Hyderabad, Telangana, India",2025 3rd International Conference on Intelligent Cyber Physical Systems and Internet of Things (ICoICI),"1 Dec 2025","2025","","","844","852","In order to support plant growth and productivity, nutrient availability is crucial. The nutrients of the plant can be divided into two main categories: macronutrients and micronutrients. Improving crop yields requires effective management of nutrients such as Nitrogen (N), Phosphorus (P), and Potassium (K). When these nutrients are not present in sufficient amounts, plants may experience negative consequences like decreased yield, leaf yellowing, and deteriorated fruit quality, which can ultimately lead to crop failure. Likewise, crop quality and productivity can be significantly impacted by crop pests. Finding and designing new instruments to identify the pest disease is crucial for preventing crop loss. IoT technology gathers data on pest-related agricultural development characteristics in real time using a variety of inexpensive sensor devices. In order to accurately identify pests based on their physical characteristics, traditional pest identification methods require scientists with substantial field experience. Pesticides can greatly damage agriculture and food. Therefore, this review paper focuses on different mechanisms used for assessing the soil health indicators to enhance agricultural sustainability. Initially, various literature works related to soil parameter monitoring and crop pest detection are reviewed. Various datasets used for soil parameter monitoring as well as pest detection are analyzed. The review found that most of the existing approaches used the Python platform for implementation and achieved high accuracy in pest detection. However, this review identifies gaps in the current research, particularly in addressing the challenges of real-world pest images, and suggests potential directions for future research to improve model robustness and generalization. This work provides a comprehensive overview of the state-of-the-art in deep learning-based pest detection, offering valuable insights for researchers and practitioners in the field of agricultural pest management","","978-1-6654-5753-8","10.1109/ICoICI65217.2025.11254368","","https://ieeexplore.ieee.org/stamp/stamp.jsp?arnumber=11254368","Review on Soil Parameter Monitoring;Crop Pest Detection Datasets;Pest Management Techniques;Challenges and Future Directions","Productivity;Crops;Soil;Nutrients;Robustness;Real-time systems;Object recognition;Sustainable development;Monitoring;Systematic literature review","","","","25","IEEE","1 Dec 2025","17-19 Sept. 2025","17-19 Sept. 2025","IEEE","IEEE Conferences"
"Edge-Cloud-Assisted Pest Detection & Severity Mapping for Smart Agriculture","Priyanshu; Sahil","Department of Computer Science and Engineering, National Institute of Technology Delhi, Delhi, India; Department of Computer Science and Engineering, National Institute of Technology Delhi, Delhi, India","2025 12th International Conference on Reliability, Infocom Technologies and Optimization (Trends and Future Directions) (ICRITO)","27 Nov 2025","2025","","","1","6","Agricultural pest detection is vital for reducing crop damage and enhancing yield in precision agriculture. This paper proposes a lightweight pest detection and classification framework leveraging DenseNet121, optimized for edge deployment. The system uses a layered architecture including Data Acquisition Layer, Edge Layer, and Cloud Layer. Evaluated on a dataset of 12 pest classes, the model achieved 96.2 % training accuracy and $\mathbf{9 0. 2 \%}$ testing accuracy, outperforming MobileNetV2 and VGG19. The proposed framework includes edge-assisted Data Preprocessing and Pest Dection Analysis, and cloud-assisted Severity Mapping and Geospatial Visualization to enable real-time monitoring and informed decision-making. The results demonstrate the model's effectiveness in balancing accuracy, generalization, and resource efficiency.","2769-2884","979-8-3315-5421-7","10.1109/ICRITO66076.2025.11241407","","https://ieeexplore.ieee.org/stamp/stamp.jsp?arnumber=11241407","Smart Agriculture;Deep Learning;DenseNet121;MobileNetV2;VGG19;Computer Vision;Cloud Computing;Edge Computing;Severity Mapping","Smart agriculture;Training;Precision agriculture;Cloud computing;Accuracy;Image edge detection;Real-time systems;Reliability;Optimization;Testing","","","","21","IEEE","27 Nov 2025","18-19 Sept. 2025","18-19 Sept. 2025","IEEE","IEEE Conferences"
"A Critical Analysis of Deep Learning Applications in Crop Pest Classification: Promising Pathways and Limitations","M. H. Rafi; M. Ratul Mahjabin; M. S. Rahman; M. Hasanul Kabir; S. Ahmed","Department of Computer Science and Engineering, Islamic University of Technology, Gazipur, Bangladesh; Department of Computer Science and Engineering, Islamic University of Technology, Gazipur, Bangladesh; Department of Computer Science and Engineering, Islamic University of Technology, Gazipur, Bangladesh; Department of Computer Science and Engineering, Islamic University of Technology, Gazipur, Bangladesh; Department of Computer Science and Engineering, Islamic University of Technology, Gazipur, Bangladesh",2023 26th International Conference on Computer and Information Technology (ICCIT),"27 Feb 2024","2023","","","1","6","Deep Learning (DL) has recently emerged as a pivotal tool in a wide variety of agricultural end-level applications. While promising outcomes have been achieved in crop disease identification, the performance often falls short while accurately classifying crop pests. This study investigates the challenges of crop pest classification that are affecting the design and efficacy of Deep Neural Networks. The investigation involves a meticulous analysis of fundamental factors that influence the effectiveness of DL-based models. The literature utilizes a carefully chosen dataset, IP102, to reflect real-world challenges like class imbalance, complex backgrounds, multiple pest infestations, interclass similarity of pests, high intra-class variance, etc. This study unfolds the impact of the critical factors, ranging from dataset characteristics to the challenge of covariate shift, along with providing pathways to tackle them. Combining literature insights and practical experimentation, this study provides valuable perspectives on enhancing DL-based models for effective crop pest classification in real-world agricultural settings.","","979-8-3503-5901-5","10.1109/ICCIT60459.2023.10441417","","https://ieeexplore.ieee.org/stamp/stamp.jsp?arnumber=10441417","Pest Classification;Deep Neural Network;Pretrained Model;IP102;Crop Pest Detection","Deep learning;Analytical models;Limiting;Computational modeling;Crops;Collaboration;Stress","","7","","42","IEEE","27 Feb 2024","13-15 Dec. 2023","13-15 Dec. 2023","IEEE","IEEE Conferences"
"Comparative Study Of Deep Learning Algorithms For Disease And Pest Detection In Rice Crops","S. A. Burhan; S. Minhas; A. Tariq; M. Nabeel Hassan","Department of Computer Science, Forman Christian College University, Lahore, Pakistan; Department of Computer Science, Forman Christian College University, Lahore, Pakistan; Department of Computer Science, Forman Christian College University, Lahore, Pakistan; Department of Computer Science, Forman Christian College University, Lahore, Pakistan","2020 12th International Conference on Electronics, Computers and Artificial Intelligence (ECAI)","16 Oct 2020","2020","","","1","5","Accurate and timely detection of rice crop diseases like Leaf Blast and Brown Spot, as well as pests like Hispa, can help minimize crop losses and increase the yield obtained. Since Pakistan is an agricultural country, such researches are imperative to its economic growth. This research is focused on a comparative study between the performances of five different Deep Learning Models i.e. Vgg16, Vgg19, ResNet50, ResNet50V2, and ResNet101V2 on both artificial data as well as on images collected from the rice fields in Gujranwala, Pakistan. The artificial data set has been classified into four classes Hispa, Healthy, Brown Spot, and Leaf Blast; whereas binary classification of Healthy Vs. Unhealthy has been performed on the data set collected from the fields. All images have been pre-processed by removing backgrounds and shadows before being passed through the models. On the artificial data set, the ResNet50 model performed the best with an accuracy of 75.0real data set, the ResNet101V2 was the best performing model with an accuracy of 86.799.","","978-1-7281-6843-2","10.1109/ECAI50035.2020.9223239","","https://ieeexplore.ieee.org/stamp/stamp.jsp?arnumber=9223239","rice disease;pest detection;deep learning;comparative study;leaf segmentation;deep learning models;digital image processing","Diseases;Agriculture;Deep learning;Data models;Load modeling;Image color analysis;Feature extraction","","64","","10","IEEE","16 Oct 2020","25-27 June 2020","25-27 June 2020","IEEE","IEEE Conferences"
"Drone and Computer Vision-Based Detection of Aleurothrixus Floccosus in Citrus Crosp","B. Vergara; K. Toledo; C. Fernández-Campusano; A. R. Santamaria","Department of Electrical Engineering, University of Santiago of Chile, Santiago, Chile; Department of Electrical Engineering, University of Santiago of Chile, Santiago, Chile; Department of Electrical Engineering, University of Santiago of Chile, Santiago, Chile; CNRS, UMR 8523 - PhLAM - Physique des Lasers Atomes et Molécules, F-59000, University of Lille, Lille, France",2024 IEEE International Conference on Automation/XXVI Congress of the Chilean Association of Automatic Control (ICA-ACCA),"29 Nov 2024","2024","","","1","6","The paradigm of intelligent agriculture has significantly impacted the way in which crops are cared for and maintained. As an alternative, the use of unmanned aerial vehicles (UAVs), or drones, for the purposes of fertilizer application and the prevention of crop pest spread has been proposed. We put forth a solution based on UAVs equipped with computer vision algorithms for the early detection of plants infested with aleurothrixus floccosus in citrus crops. The drone is equipped with a high-definition camera that records the affected plantation, and this video is shared via streaming with a personal computer (PC) that executes the computer vision algorithm to determine the presence or absence of the pest. We selected the open-source real-time object detection and image segmentation model, You Only Look Once (YOLO) version 10s, as a preliminary approach. The numerical results demonstrate that the average precision is $73 \%$ during the training stage and reaches up to $76 \%$ during the operation stage.","","979-8-3503-7811-5","10.1109/ICA-ACCA62622.2024.10766459","","https://ieeexplore.ieee.org/stamp/stamp.jsp?arnumber=10766459","computer vision;intelligent agriculture;pest detection;unmanned aerial vehicles","YOLO;Training;Computer vision;Technological innovation;Accuracy;Computational modeling;Crops;Streaming media;Real-time systems;Drones","","2","","25","IEEE","29 Nov 2024","20-23 Oct. 2024","20-23 Oct. 2024","IEEE","IEEE Conferences"
"Deep Learning-Based Satellite Remote Sensing Data Preprocessing and Crop Pest Identification","Y. Xia","Hefei University of Technology, Hefei, Anhui Province, China",2025 5th International Conference on Advanced Algorithms and Neural Networks (AANN),"1 Dec 2025","2025","","","244","248","Accurate identification of crop pests is an important issue in modern agricultural development. This study designed a preprocessing system for pest identification based on satellite remote sensing data, proposed improved data quality assessment methods and feature extraction strategies, and constructed a deep learning identification model with dual-branch feature fusion. Experiments showed that this method significantly improved the quality of remote sensing data and the accuracy of pest identification, demonstrating strong practical value and providing new technical support for crop pest control.","","979-8-3315-9736-8","10.1109/AANN66429.2025.11257699","","https://ieeexplore.ieee.org/stamp/stamp.jsp?arnumber=11257699","satellite remote sensing;data preprocessing;feature extraction;deep learning;pest identification","Deep learning;Satellites;Accuracy;Data integrity;Data preprocessing;Neural networks;Crops;Pest control;Feature extraction;Remote sensing","","","","10","IEEE","1 Dec 2025","15-17 Aug. 2025","15-17 Aug. 2025","IEEE","IEEE Conferences"
"Crop Pest Control using IoT Real-Time Monitoring and Intervention","S. Kumaran; S. K. D; S. A; S. K. K","Department of Electronics and Communication Engineering, Saveetha Engineering College, Tamil Nadu, India; Department of Electronics and Communication Engineering, Saveetha Engineering College, Tamil Nadu, India; Department of Electronics and Communication Engineering, Saveetha Engineering College, Tamil Nadu, India; Department of Electronics and Communication Engineering, Saveetha Engineering College, Tamil Nadu, India",2023 International Conference on Sustainable Communication Networks and Application (ICSCNA),"1 Jan 2024","2023","","","1552","1557","Utilizing Internet of Things technology, which enables real-time monitoring and response, this study proposes a game-changing strategy for agricultural pest management. Utilizing Internet of Things (IoT) sensors, cutting-edge data analytics, and machine learning algorithms, the proposed system can detect and identify vermin. Real-time decisions can be made in the fight against vermin, facilitating immediate action that maximizes the available resources. The proposed strategy has been shown to be effective in the field, saving money by reducing insect infestation intensity and improving agricultural output. Cost-benefit analysis and environmental impact evaluations are also used to examine the technique's long-term profitability and environmental tolerance. Since it advances the state of the art in precision farming and addresses the critical problem of insect management in the agricultural sector, this study achieves the goal of developing modern and sustainable agriculture.","","979-8-3503-1398-7","10.1109/ICSCNA58489.2023.10370176","","https://ieeexplore.ieee.org/stamp/stamp.jsp?arnumber=10370176","Crop Pest Control;Internet of Things (IoT);Pest Security;Pest Detection;Sensor Network","Data analysis;Insects;Surveillance;Sociology;Crops;Real-time systems;Sensor systems","","6","","15","IEEE","1 Jan 2024","15-17 Nov. 2023","15-17 Nov. 2023","IEEE","IEEE Conferences"
"Application of YOLO Object Segmentation in Agricultural Pest Monitoring","Y. Qin; Z. Liu; D. Deng","Guilin University of Electronic Technology, Guilin, China; Guilin University of Electronic Technology, Guilin, China; Guilin University of Electronic Technology, Guilin, China","2025 7th International Conference on Internet of Things, Automation and Artificial Intelligence (IoTAAI)","29 Oct 2025","2025","","","75","79","Agricultural pest monitoring plays a crucial role in the industry's upgrading and development. With the advancement of artificial intelligence (AI) technology, particularly image object detection techniques based on convolutional neural networks (CNNs), the use of AI for rapid and accurate pest identification has become a growing trend. This study constructed a dataset comprising 13 categories of agricultural pests and a total of 3,599 images, and explored two distinct image annotation strategies (pure individual annotation and individual-group hybrid annotation), using YOLOv8x, SSD, and Faster R-CNN models for training. The training results indicate that the pure individual annotation method outperforms the mixed annotation method across all metrics. The YOLOv8x model achieves 0.79 and 0.52 at mAP0.5 and mAP0.5:0.95, respectively, demonstrating the best performance. However, the training results also indicate that insect pests prone to clustering (such as aphids and red spiders) remain a challenge for object detection model. The research findings provide valuable references for enhancing the automation and accuracy of agricultural pest monitoring.","","979-8-3315-9417-6","10.1109/IoTAAI66837.2025.11213474","","https://ieeexplore.ieee.org/stamp/stamp.jsp?arnumber=11213474","YOLO;SSD;Faster R-CNN;pest monitoring;image segmentation;object detection","Training;YOLO;Measurement;Automation;Accuracy;Annotations;Object segmentation;Object recognition;Artificial intelligence;Monitoring","","","","11","IEEE","29 Oct 2025","12-14 Sept. 2025","12-14 Sept. 2025","IEEE","IEEE Conferences"
"Internet of Things Based Weekly Crop Pest Prediction by Using Deep Neural Network","R. M. Saleem; R. N. Bashir; M. Faheem; M. A. Haq; A. Alhussen; Z. S. Alzamil; S. Khan","Department of Computer Science, University of Agriculture, Faisalabad Sub Campus Burewala, Faisalabad, Pakistan; Department of Computer Science, COMSAT University Islamabad, Vehari Campus, Vehari, Pakistan; School of Technology and Innovations, University of Vaasa, Vaasa, Finland; Department of Computer Science, College of Computer and Information Sciences, Majmaah University, Al-Majmaah, Saudi Arabia; Department of Computer Engineering, College of Computer and Information Sciences, Majmaah University, Al-Majmaah, Saudi Arabia; Department of Computer Science, College of Computer and Information Sciences, Majmaah University, Al-Majmaah, Saudi Arabia; College of Computer and Information Sciences, Imam Mohammad Ibn Saud Islamic University (IMSIU), Riyadh, Saudi Arabia",IEEE Access,"17 Aug 2023","2023","11","","85900","85913","Internet of Things (IoT) assisted application in agriculture shows tremendous success to improve productivity in agriculture. Agriculture is grappling with issues such as depleted soil fertility, climate-related hazards like intensified pest attacks and diseases. Accurate forecasting of pest outbreaks can play a vital role in improving agricultural yield. Utilizing IoT technology for environmental monitoring in crop fields to forecast pest attacks. The important parameters for pest predictions are temperature, humidity, rainfall, wind speed and sunshine duration. Directly sensed environmental conditions are utilized as input to a deep learning model, which makes binary decisions about the presence of pest populations based on the prevailing environmental conditions. The accuracy and precision of the deep learning model in making predictions are assessed through evaluation with test data. Five-year data 2028 to 2022 have been used for making prediction. The model of pest prediction generates weekly predictions. The overall accuracy of the weekly predictions is 94% and high F-measure, Precision, Recall, Cohens kappa, and ROC AUC for making to optimize the prediction. The accuracy of the pest prediction improves gradually with time. Weekly predictions are generated from the means of all environmental conditions from the last seven days. The weekly predictions are important for the short-term measures against pest attacks.","2169-3536","","10.1109/ACCESS.2023.3301504","Vaasan yliopisto; Academy of Finland; Deanship of Scientific Research at Majmaah University(grant numbers:R-2023-532); ","https://ieeexplore.ieee.org/stamp/stamp.jsp?arnumber=10207031","Internet of Things (IoT);deep learning model;pest predictions;weekly predictions","Crops;Internet of Things;Agriculture;Monitoring;Smart agriculture;Statistics;Sociology;Deep learning;Predictive models;Diseases","","43","","50","CCBY","3 Aug 2023","2023","","IEEE","IEEE Journals"
"Automated Pest Classification of Paddy Field using Drone Imagery","P. Akhil; P. D. Kumar; L. P. S","Department of Computer Science and Engineering, Sathyabama Institute of Science and Technology; Department of Computer Science and Engineering, Sathyabama Institute of Science and Technology; Department of Computer Science and Engineering, Sathyabama Institute of Science and Technology",2025 8th International Conference on Trends in Electronics and Informatics (ICOEI),"30 May 2025","2025","","","756","761","Pests are a real problem to agriculture especially the paddy fields in that they contribute greatly to losses in agricultural productivity. The present research presents an innovative approach for unearthing the topology of pest-infected rice crops through a classification of a periodic series of images captured on a drone. The system consists of image processing procedures and deep learning algorithms to scan images of high spatial resolution obtained from drones. The method integration plan comprises pretreatment of images acquired from the drone, feature extraction by CNNs, and pest classification by a multi-class classification model. It is adept at distinguishing between general pest species that infest paddy fields to allow early, targeted pest control. They also bring the added value of scalability and accessibility, which make it possible to implement large scale pest monitoring. Performance evaluations prove that the system is very resistant and precise thus showing its ability to change the current pest control strategies used in farming. This minimizes the reliance on the inspection method and at the same time supports sustainable agriculture through development of constructive pest control strategies.","","979-8-3315-4460-7","10.1109/ICOEI65986.2025.11013354","","https://ieeexplore.ieee.org/stamp/stamp.jsp?arnumber=11013354","Automated pest classification;paddy fields;drone imagery;convolutional neural networks (CNNs);agricultural pest monitoring;image processing;deep learning;precision agriculture;sustainable farming;pest management","Deep learning;Productivity;Precision agriculture;Pest control;Inspection;Feature extraction;Convolutional neural networks;Monitoring;Drones;Farming","","1","","16","IEEE","30 May 2025","24-26 April 2025","24-26 April 2025","IEEE","IEEE Conferences"
"Agricultural Pest and Disease Detection System using Machine Learning","B. Salam; K. J. Singh","Computer Science and Engineering, National Institute of Technology, Imphal, Manipur, India; Computer Science and Engineering, National Institute of Technology, Imphal, Manipur, India",2024 IEEE 1st International Conference on Green Industrial Electronics and Sustainable Technologies (GIEST),"14 Apr 2025","2024","","","1","5","Crop diseases pose a significant threat to agricultural productivity in Manipur, a state renowned for its rich agricultural heritage and diverse crop cultivation practices. Early detection of these diseases is crucial for safeguarding the region's agricultural sustainability and ensuring food security. In this paper, we present a comprehensive machine learning-based system utilizing Convolutional Neural Network (CNN) and the U-NET model for detecting crop diseases specifically tailored to the unique agricultural landscape of Manipur, India. Leveraging advanced techniques such as transfer learning with deep learning pre-trained models, including VGG16 and VGG19, we developed a robust system capable of accurately identifying diseased crops, including locally grown vegetables like ""Kobiphun"" (cabbage), ""Kobilei"" (cauliflower), ""Aloo"" (potato), ""Khamen Asinba"" (tomato), and ""Chak-hao"" (black rice). The datasets used in this project are purely self-collected primary data, reflecting extensive effort and dedication in gathering high-quality images for training and model development. Our methodology involves detailed image processing, feature extraction demonstrating the effectiveness of our approach in addressing the specific challenges posed by crop diseases in Manipur's agricultural system. The findings highlight the model's high accuracy (over 92%), precision (exceeding 90%), and recall (approaching 100%), indicating its reliability in real-world applications. Additionally, the system's scalability allows for integration with real-time monitoring tools, enhancing its applicability for local farmers. This research contributes to improved disease management practices, enhances the resilience of Manipur's agriculture sector, and ensures the livelihoods of its farming communities.","","979-8-3315-4014-2","10.1109/GIEST62955.2024.10959919","","https://ieeexplore.ieee.org/stamp/stamp.jsp?arnumber=10959919","convolutional neural network (CNN);U-NET;machine learning;deep learning;transfer learning;Visual Geometry Group16 (VGG16);Visual Geometry Group19 (VGG19);agricultural sustainability;receiver operating characteristic (ROC)","Deep learning;Visualization;Accuracy;Transfer learning;Crops;Food security;Real-time systems;Convolutional neural networks;Sustainable development;Diseases","","2","","13","IEEE","14 Apr 2025","25-26 Oct. 2024","25-26 Oct. 2024","IEEE","IEEE Conferences"
"Research on Crop Pest Recognition Based on Improved YOLOv8","X. Wu; J. Wu; S. Zhang; Y. Wen","School of Intelligent Manufacturing, Nanyang Institute of Technology, Nanyang, China; School of Intelligent Manufacturing, Nanyang Institute of Technology, Nanyang, China; School of Intelligent Manufacturing, Nanyang Institute of Technology, Nanyang, China; School of Intelligent Manufacturing, Nanyang Institute of Technology, Nanyang, China","2025 5th International Conference on Electronic Communication, Computer Science and Technology (ECCST)","24 Mar 2026","2025","","","347","350","Aiming at the problems of numerous types, complex information of crop pests and low efficiency of traditional manual monitoring methods, this paper proposes an improved crop pest recognition method based on YOLOv8. Three optimization strategies are adopted: modifying the input size, adding the SE (Squeeze-and-Excitation) attention mechanism to the detection head, and adding the ECA (Efficient Channel Attention) attention mechanism to the backbone network. A dataset containing 2,470 images of ten common crop pests (including mole cricket, sugar beet weevil, fall armyworm) is constructed for model training and validation. Experimental results show that the improved model achieves significant performance improvement: the precision of the original YOLOv8 model is 80%, while the precisions of the models optimized by the three strategies reach $82 \%, 92 \%$ and 83.5% respectively. The model integrated with the SE attention mechanism exhibits the best performance, with fast inference speed and strong robustness, providing an effective technical solution for rapid and accurate identification of crop pests.","","979-8-3315-8002-5","10.1109/ECCST68196.2025.11441191","Nanyang Institute of Technology; Nanyang Institute of Technology; ","https://ieeexplore.ieee.org/stamp/stamp.jsp?arnumber=11441191","crop pests;YOLOv8;attention mechanism;target detection;deep learning","Training;Attention mechanisms;Target recognition;Crops;Object detection;Manuals;Sugar industry;Robustness;Optimization;Monitoring","","","","11","IEEE","24 Mar 2026","26-28 Dec. 2025","26-28 Dec. 2025","IEEE","IEEE Conferences"
"Precise Agriculture: Effective Deep Learning Strategies to Detect Pest Insects","L. Butera; A. Ferrante; M. Jermini; M. Prevostini; C. Alippi","Università della Svizzera italiana, Faculty of Informatics, Lugano, Switzerland; Università della Svizzera italiana, Faculty of Informatics, Lugano, Switzerland; Agroscope, Research Centre Cadenazzo, Cadenazzo, Switzerland; Università della Svizzera italiana, Faculty of Informatics, Lugano, Switzerland; Università della Svizzera italiana, Faculty of Informatics, Lugano, Switzerland",IEEE/CAA Journal of Automatica Sinica,"4 Nov 2021","2022","9","2","246","258","Pest insect monitoring and control is crucial to ensure a safe and profitable crop growth in all plantation types, as well as guarantee food quality and limited use of pesticides. We aim at extending traditional monitoring by means of traps, by involving the general public in reporting the presence of insects by using smartphones. This includes the largely unexplored problem of detecting insects in images that are taken in noncontrolled conditions. Furthermore, pest insects are, in many cases, extremely similar to other species that are harmless. Therefore, computer vision algorithms must not be fooled by these similar insects, not to raise unmotivated alarms. In this work, we study the capabilities of state-of-the-art (SoA) object detection models based on convolutional neural networks (CNN) for the task of detecting beetle-like pest insects on nonhomogeneous images taken outdoors by different sources. Moreover, we focus on disambiguating a pest insect from similar harmless species. We consider not only detection performance of different models, but also required computational resources. This study aims at providing a baseline model for this kind of tasks. Our results show the suitability of current SoA models for this application, highlighting how FasterRCNN with a MobileNetV3 backbone is a particularly good starting point for accuracy and inference execution latency. This combination provided a mean average precision score of 92.66% that can be considered qualitatively at least as good as the score obtained by other authors that adopted more specific models.","2329-9274","","10.1109/JAS.2021.1004317","Hasler Foundation(grant numbers:20028); ","https://ieeexplore.ieee.org/stamp/stamp.jsp?arnumber=9601235","Computer vision;machine learning;neural network;pest insect;pest monitoring;Popillia japonica;precise agriculture","Deep learning;Computer vision;Insects;Computational modeling;Crops;Object detection;Convolutional neural networks","","75","","36","","4 Nov 2021","February 2022","","IEEE","IEEE Journals"
"Refining Crop Pest Recognition Performance through Dynamically Adaptable Activation Patterns of Kolmogorov Arnold Networks","P. Ghosh; I. A. Alin; H. Al Mahmud Chowdhury; M. T. Reza","Department of Computer Science and Engineering, BRAC University, Dhaka, Bangladesh; Department of Computer Science and Engineering, BRAC University, Dhaka, Bangladesh; Department of Computer Science and Engineering, BRAC University, Dhaka, Bangladesh; Department of Computer Science and Engineering, BRAC University, Dhaka, Bangladesh","2025 IEEE International Students' Conference on Electrical, Electronics and Computer Science (SCEECS)","2 Apr 2025","2025","","","1","6","Food contains several nutrients which help in growth and development of the human body, which come from crops. However, Pest infestation can be a big threat due to it causing various types of diseases in crops, reducing crop production. Thus, it is necessary to detect pests early and take steps to stop the infestation. Therefore, in this study, we have proposed a novel model named VGG19-KAN for crop pest detection and compared it with models like Mobilenetv2 and VGG19. VGG19-KAN is a model that replaces the traditional Multilayer Perceptron (MLP) classifier with a Kolmogorov Arnold Network (KAN), which hypothetically improves the generalization power through dynamically adaptable activation patterns. We used the IP102 dataset, where the pest images are divided into 8 crop categories to train the models. We found that VGG19-KAN performed fairly better than Mobilenetv2 and the base VGG19 with 1-3% accuracy improvement for each crop type, thus proving its effectiveness.","2688-0288","979-8-3315-2983-3","10.1109/SCEECS64059.2025.10940339","","https://ieeexplore.ieee.org/stamp/stamp.jsp?arnumber=10940339","Computational power;food;Pests;Crops;Infestation;Production;Development;Disease","Computer science;Adaptation models;Computational modeling;Refining;Crops;Production;Multilayer perceptrons;Nutrients;Pattern recognition;Diseases","","","","14","IEEE","2 Apr 2025","18-19 Jan. 2025","18-19 Jan. 2025","IEEE","IEEE Conferences"
"Insect Pest Trap Development and DL-Based Pest Detection: A Comprehensive Review","A. Passias; K. -A. Tsakalos; N. Rigogiannis; D. Voglitsis; N. Papanikolaou; M. Michalopoulou; G. Broufas; G. C. Sirakoulis","Department of Electrical and Computer Engineering, Democritus University of Thrace, Xanthi, Greece; Department of Electrical and Computer Engineering, Democritus University of Thrace, Xanthi, Greece; Department of Electrical and Computer Engineering, Democritus University of Thrace, Xanthi, Greece; Department of Electrical and Computer Engineering, Democritus University of Thrace, Xanthi, Greece; Department of Electrical and Computer Engineering, Democritus University of Thrace, Xanthi, Greece; Department of Physical Education and Sports Science, Democritus University of Thrace, Komotini, Greece; Department of Agricultural Development, Democritus University of Thrace, Orestiada, Greece; Department of Electrical and Computer Engineering, Democritus University of Thrace, Xanthi, Greece",IEEE Transactions on AgriFood Electronics,"10 Oct 2024","2024","2","2","323","334","In the evolving landscape of precision agriculture, the integration of remote pest traps with deep learning technologies marks a critical step forward in remote pest detection, with the potential to substantially improve traditional pest monitoring methods. This article provides a comprehensive review of the developments, challenges, and innovative solutions in creating sensor-based electronic traps and applying deep learning for efficient and autonomous pest identification. By addressing the complexities of sensor integration, data collection, and the need for adaptive algorithms capable of classifying a wide range of insect pests, this review highlights the effective combination of electronic trap advancements with the precision offered by convolutional neural networks. An in-depth analysis of the technological advancements in electronic pest trap development is presented, highlighting improvements in design, efficiency, and sustainability while referring to ongoing and future challenges. Moreover, this article explores deep learning techniques, emphasizing on dataset enhancement and model optimization to overcome traditional challenges such as data scarcity and to improve the robustness of pest detection models. A thorough evaluation of various trap types against 85 unique pests is conducted, with the delta trap emerging as the most versatile, showcasing compatibility with multiple sensors and effectiveness against various pests. This review equips researchers, practitioners, and agricultural developers with critical insights and methodologies that can significantly enhance pest monitoring efficiency, reduce pesticide usage, and support sustainable agricultural practices.","2771-9529","","10.1109/TAFE.2024.3436470","","https://ieeexplore.ieee.org/stamp/stamp.jsp?arnumber=10637440","Artificial intelligence (AI) in agriculture;convolutional neural networks (CNNs);deep learning (DL) in agriculture;insect pest traps;Internet of Things (IoT) in agriculture;IoT sensors;pest classification;pest detection;precision agriculture (PA);remote monitoring;remote pest traps (RPT);trap types","Sensors;Accuracy;Insects;Artificial intelligence;Convolutional neural networks;Deep learning;Internet of Things;Pest control;Precision agriculture;Remote monitoring","","25","","118","IEEE","15 Aug 2024","Sept.-Oct. 2024","","IEEE","IEEE Journals"
"IP-YOLO: Progressive Fusion and Deep Vision Transformer for Accurate Insect Pest Detection","W. Wen; X. Wang","School of Physics and Electronic Information, Gannan Normal University, Ganzhou, China; School of Physics and Electronic Information, Gannan Normal University, Ganzhou, China",Chinese Journal of Electronics,"2 Jan 2026","2025","34","6","1807","1820","Insect pests pose a significant threat to agricultural productivity, necessitating accurate and timely identification to minimize economic losses. This paper presents an enhanced insect pest (IP) detection method based on the You Only Look Once version 8 (YOLOv8) framework, named IP-YOLO. The proposed IP-YOLO incorporates several key enhancements to overcome the limitations of traditional algorithms, particularly in improving recognition accuracy. First, efficient vision Transformer (EfficientViT) is utilized as the backbone network to efficiently extract deep image features and capture global information. Second, the asymptotic feature pyramid network (AFPN) is introduced to reduce feature loss during multi-scale fusion, thereby improving detection accuracy. Furthermore, the C2fSE module is proposed to enhance the algorithm's image-capturing ability while minimizing noise and redundancy. Extensive experiments on the IP50 dataset demonstrate that IP-YOLO outperforms several popular baselines, improving precision by 5%, recall by 6%, and mean average precision $(\text{mAP}_{50})$ by 4.1% compared to the original YOLOv8 algorithm. These results indicate that IP-YOLO is a promising candidate for real-time monitoring and control of insect pests, offering a practical solution for high-quality pest detection with reduced computational cost.","2075-5597","","10.23919/cje.2024.00.312","","https://ieeexplore.ieee.org/stamp/stamp.jsp?arnumber=11322819","Insect pest detection;Object detection;Computer vision;Deep learning","YOLO;Computer vision;Accuracy;Insects;Superresolution;Training data;Feature extraction;Transformers;Classification algorithms;Usability","","","","41","","2 Jan 2026","November 2025","","CIE","CIE Journals"
"Faster-PestNet: A Lightweight Deep Learning Framework for Crop Pest Detection and Classification","F. Ali; H. Qayyum; M. J. Iqbal","Department of Software Engineering, University of Engineering and Technology at Taxila, Taxila, Pakistan; Department of Software Engineering, University of Engineering and Technology at Taxila, Taxila, Pakistan; Department of Computer Science, University of Engineering and Technology at Taxila, Taxila, Pakistan",IEEE Access,"2 Oct 2023","2023","11","","104016","104027","One of the most significant risks impacting crops is pests, which substantially decrease food production. Further, prompt and precise recognition of pests can help harvesters save damage and enhance the quality of crops by enabling them to take appropriate preventive action. The apparent resemblance between numerous kinds of pests makes examination laborious and takes time. The limitations of physical pest inspection are required to be addressed, and a novel deep-learning approach called the Faster-PestNet is proposed in this work. Descriptively, an improved Faster-RCNN approach is designed using the MobileNet as its base network and tuned on the pest samples to recognize the crop pests of various categories and given the name of Fatser-PestNet. Initially, the MobileNet is employed for extracting a distinctive set of sample attributes, later recognized by the 2-step locator of the improved Faster-RCNN model. We have accomplished a huge experimentation analysis over a complicated data sample named the IP102 and acquired an accuracy of 82.43%. Further, a local crops dataset is also collected and tested on the trained Faster-PestNet approach to show the generalization capacity of the proposed model. We have confirmed through analysis that the presented work can tackle numerous sample distortions like noise, blurring, light variations, and size alterations and can accurately locate the pest along with the associated class label on the leaf of numerous types and sizes. Both visual and stated performance values confirm the effectiveness of our model.","2169-3536","","10.1109/ACCESS.2023.3317506","","https://ieeexplore.ieee.org/stamp/stamp.jsp?arnumber=10256176","Classification of pest;deep learning;faster RCNN;pest detection","Crops;Convolutional neural networks;Agriculture;Residual neural networks;Feature extraction;Spraying;Visualization","","78","","64","CCBYNCND","20 Sep 2023","2023","","IEEE","IEEE Journals"
"Enhanced Yolov5 Based Approach for Effective Agricultural Pest Detection","S. K; E. R. G; S. M; K. Karthigadevi; S. K. V","Department of Computer Science, Madurai Kamaraj University, Madurai, Tamil Nadu, India; Department of CSE (AIML), KalaignarKarunanidhi Institute of Technology, Coimbatore, Tamilnadu, India; Department of ECE, KalaignarKarunanidhi Institute of Technology, Coimbatore, Tamilnadu, India; Department of Computer Applications, Kalasalingam Academy of Research and Education, Tamilnadu, India; Department of CSBS, KGiSL Institute of Technology, Coimbatore, Tamilnadu, India",2024 Global Conference on Communications and Information Technologies (GCCIT),"6 Feb 2025","2024","","","1","5","Agricultural pest detection is a major challenge for farmers globally, affecting both crop health and productivity. Many current detection systems suffer from low accuracy and high false alarm rates, resulting in significant crop damage and financial losses. To address the persistent threat pests, pose to agricultural sustainability, innovative detection methods are crucial for minimizing risks and ensuring food security. The proposed system offers several improvements over existing methods, including enhanced accuracy in pest detection, fewer false alarms, and the capability to identify specific pest species and their damage. Furthermore, the use of Enhanced YOLOv5 for automated pest detection promises to increase efficiency and cost-effectiveness in managing agricultural pests.","","979-8-3503-8891-6","10.1109/GCCIT63234.2024.10862017","","https://ieeexplore.ieee.org/stamp/stamp.jsp?arnumber=10862017","Agricultural Pest Detection;Enhanced YOLOv5;Crop Health;Pest Management;Automation in Agriculture;Agricultural Sustainability;Innovative Detection Methods","YOLO;Productivity;Adaptation models;Technological innovation;Accuracy;Food security;Pest control;Real-time systems;Sustainable development;Monitoring","","3","","30","IEEE","6 Feb 2025","25-26 Oct. 2024","25-26 Oct. 2024","IEEE","IEEE Conferences"
"Identification of Crop Consuming Insect Pest from Visual Imagery Using Transfer Learning and Data Augmentation on Deep Neural Network","M. T. Reza; N. Mehedi; N. A. Tasneem; M. Ashraful Alam","Department of Computer Science and Engineering, BRAC University, Dhaka, Bangladesh; BJIT Ltd., Dhaka; Department of Computer Science and Engineering, BRAC University, Dhaka, Bangladesh; Department of Computer Science and Engineering, BRAC University, Dhaka, Bangladesh",2019 22nd International Conference on Computer and Information Technology (ICCIT),"19 Mar 2020","2019","","","1","6","Identification and prevention of pest insects are essential requirements for proper crop cultivation. However, identifying pest insects can be a daunting and time consuming task because of the similarities of visual traits between different species. As a result, there are some necessities for a well performing automated system that can classify pest insects from image data. In this research, we propose a noble model that takes advantage of transfer learning and data augmentation to classify insect pest species from image data in the most accurate way. In the proposed model, three different Deep Neural Network (DNN) models were used for image classification: VGG19, Inception v3 and ResNet50. With appropriate data augmentation, Inception v3 achieved the best accuracy of 57.08% on a total of 102 insect species classification, beating the previous best result of 49.4% on the same dataset. Additionally, all the species were grouped based on the crops they consume. As Inception v3 was the best performing model across all the classes, it was also used to classify crop specific insect species. For eight different crops, an approximate range of 48.2% to 88.1% accuracy was achieved from classification. Finally, all the results were analyzed, compared and discussed.","","978-1-7281-5842-6","10.1109/ICCIT48885.2019.9038450","","https://ieeexplore.ieee.org/stamp/stamp.jsp?arnumber=9038450","IP102;Insect pest;Transfer learning;Data augmentation;classification","Visualization;Accuracy;Insects;Prevention and mitigation;Transfer learning;Crops;Data augmentation;Information technology;Residual neural networks;Image classification","","15","","25","IEEE","19 Mar 2020","18-20 Dec. 2019","18-20 Dec. 2019","IEEE","IEEE Conferences"
"Detection and Classification of Crop Diseases and Pests Based on YOLO Models","Y. Li; Y. Wang; H. Wei; L. Wang","School of Information Science and Technology Dalian University of Science and Technology, Dalian, China; School of Information Science and Technology Dalian University of Science and Technology, Dalian, China; School of Information Science and Technology Dalian University of Science and Technology, Dalian, China; School of Information Science and Technology Dalian University of Science and Technology, Dalian, China","2025 8th International Conference on Computer Network, Electronic and Automation (ICCNEA)","5 Nov 2025","2025","","","1","5","To address the inefficiency and susceptibility to errors inherent in traditional manual visual inspection for pest and disease detection, this paper conducts a systematic performance comparison of YOLOv5, YOLOv8, and YOLOv11 models for crop pest and disease detection tasks. Confronting the challenges of class imbalance and labeling noise in public datasets, we implement a hybrid strategy combining manual annotation correction with adaptive data augmentation, effectively enhancing data quality and model generalization capability. Under identical training parameter configurations, the models were trained and evaluated. Comparative analysis of loss function convergence curves and key metrics from Precision-Recall (PR) curves demonstrates that YOLOv11 exhibits significantly superior overall performance compared to YOLOv5 and YOLOv8. The optimized YOLOv11 model achieved a 12.3% improvement in mean Average Precision (mAP) on the pest dataset, with a PR value of $\mathbf{0. 8 4 6}$ for spider mite detection. Finally, an interactive detection system was developed using PyQt5. Supporting both single-image and batch processing modes, the system enables precise localization and classification of pests and diseases, providing farmers with a practical one-stop solution.","2770-7695","979-8-3315-3769-2","10.1109/ICCNEA66167.2025.11212056","","https://ieeexplore.ieee.org/stamp/stamp.jsp?arnumber=11212056","YOLO;transfer learning;data augmentation;PyQt5","YOLO;Training;Adaptation models;Visualization;Accuracy;Transfer learning;Crops;Production;Data augmentation;Diseases","","1","","10","IEEE","5 Nov 2025","19-21 Sept. 2025","19-21 Sept. 2025","IEEE","IEEE Conferences"
"Deep Learning Solutions for Soybean Leaf Infestation: A VGG19-Based Approach","C. Rajani; D. Triveni; B. Supriya; P. BhagyaLakshmi; V. KarunaKumar","Department of Computer Science and Engineering, Narasaraopeta Engineering College (Autonomous), Narasaraopet, Palnadu, Andhra Pradesh, India; Department of Computer Science and Engineering, Narasaraopeta Engineering College (Autonomous), Narasaraopet, Palnadu, Andhra Pradesh, India; Department of Computer Science and Engineering, Narasaraopeta Engineering College (Autonomous), Narasaraopet, Palnadu, Andhra Pradesh, India; Department of Computer Science and Engineering, Narasaraopeta Engineering College (Autonomous), Narasaraopet, Palnadu, Andhra Pradesh, India; Department of Computer Science and Engineering, Narasaraopeta Engineering College (Autonomous), Narasaraopet, Palnadu, Andhra Pradesh, India",2025 IEEE International Conference on Interdisciplinary Approaches in Technology and Management for Social Innovation (IATMSI),"9 May 2025","2025","3","","1","6","After all, soybean crops are an essential constituent in world agriculture. These plants generally become easy prey to attacks by pests like Diabrotica speciosa and caterpillars. The early detection of these attacks is pretty significant in reducing the damage from an economic point of view as well as an ecological one. This present study has been motivated by the above facts, proposing a newer deep learning-based solution using a transfer-learning approach with VGG19 CNN for efficient classification of soybean leaf images. In this work, we adopt the pre-trained VGG19 architecture for detecting pests infestation in soybean leaves and perform fine-tuning specific to the problem. In this work, employing transfer learning from VGG19 means utilizing the deep features learned from large-scale image datasets for adaptation in the specialized context of agricultural pest detection. This approach not only improves the model’s accuracy but also reduces the dependency on huge amounts of training data, which is usually a bottleneck in agricultural applications. We test the performance of our model on a very challenging dataset of soybean leaf images, which yields a balanced accuracy of 99.5% on previously unseen test data.The contribution of this work can be both theoretical and practical. Theoretically, the study advances deep learning applications in plant pathology, showing how effective transfer learning will be in a new domain. In practice, our model is a potent tool for early detection of pest infestations that permits interventions in time and avoids huge economic and environmental losses.","","979-8-3315-2169-1","10.1109/IATMSI64286.2025.10985548","","https://ieeexplore.ieee.org/stamp/stamp.jsp?arnumber=10985548","Deep learning architecture;Visual Geometry Group model with 19 layers;Crop pest detection;Legume crop;Insect pest species;Lepidopteran larvae","Economics;Deep learning;Adaptation models;Visualization;Accuracy;Biological system modeling;Transfer learning;Crops;Training data;Convolutional neural networks","","","","16","IEEE","9 May 2025","6-8 March 2025","6-8 March 2025","IEEE","IEEE Conferences"
"ArTreeficial: an AI-tree controlling spotted lanternfly populations using computer vision and dynamic response","S. Zhang","North Hunterdon High School, Annandale, NJ, USA",2023 IEEE International Conference on Advances in Data-Driven Analytics And Intelligent Systems (ADACIS),"9 Feb 2024","2023","","","1","6","The spotted lanternfly (SLF), Lycorma delicatula, is an invasive species and agricultural pest causing significant damage to a wide range of economically important crops, local flora, and property. With few known natural predators and high fecundity, the SLF has caused several counties and states in the East Coast of the United States of America to be declared by their respective governments as SLF quarantine zones. Ten years after the SLF’s initial introduction, current approaches of civilian vigilance, traps, and pesticides present shortcomings in effective long-term management of SLF populations. This research paper proposes the world’s first AI-powered SLF pest management artificial tree. The free-standing device sprays SLF attractant and utilizes YOLO computer vision to identify and target spotted lanternflies, and integrates the artificial intelligence with the hardware, including controlling incense release and zapping the target bugs. Using natural plant extracts for incense, the AI-tree lure targets over to the AI-tree. Utilizing the dogma of bait, identify, and kill, the AI-tree’s SLF detection system controls incense output, identification, and the SLF-killing system, an electric and contact-dependent method, as well as SLF body disposal. Initial results for SLF identification present ~90% accuracy. The system is self-sustainable, using solar panels for energy. The AI-tree’s innovation lies in uniting these several components into a dynamic, affordable, and self-sustaining solution to SLF extermination. This initial research shows promising results for employing this solution in agriculture.","","979-8-3503-4415-8","10.1109/ADACIS59737.2023.10424285","","https://ieeexplore.ieee.org/stamp/stamp.jsp?arnumber=10424285","Spotted lanternfly;Lycorma delicatula;computer vision;agricultural application of computer vision;yolo;ailanthus altissima","YOLO;Computer vision;Technological innovation;Sociology;Pesticides;Solar panels;Statistics","","2","","34","IEEE","9 Feb 2024","23-25 Nov. 2023","23-25 Nov. 2023","IEEE","IEEE Conferences"
"Classification for Crop Pest on U-SegNet","A. A. Rani; K. L. Prasanna; M. Shaikhul Ashraf; A. Kumar Dey; M. A. Ala Walid; D. R. K. Saikanth","Department of ECE, Excel Engineering College, Namakkal, Tamilnadu, India; School of Agriculture, SR University, Warangal, India; Department of Botany, HKM Govt. DegreeCollege Bandipora, Bandipora Kashmir (UT of Jammu &Kashmir), India; Electronics and Telecommunication Engineering Department, Bhilai Institute of Technology, Chhattisgarh, India; Foursteps Training Solutions, Chennai, Tamil Nadu, India; Department of Agricultural Extension, College of Agriculture, PJTSAU, Hyderabad, Telangana, India",2023 7th International Conference on Computing Methodologies and Communication (ICCMC),"4 Apr 2023","2023","","","926","932","As a long-standing issue, pests and illnesses in agriculture consistently cause large annual yield decreases. It's no secret that deep learning (DL) models are quite effective in facial recognition, therefore many people in the agricultural industry are curious about them. Since the algorithms used in existing methods of pest identification are sophisticated and there is a shortage of relevant data, the methods' accuracy in recognising and categorizing pests is low. When insects are misidentified as another type of pest, the wrong pesticides may be used, negatively affecting both crop productivity and the environment. Pre-trained deep learning architectures like Unet and ResNet were used to compare the proposed model to the suggested U-SegNet for insect categorization. This study also enhances the data to stop the network from becoming overly specialized. The accuracy of the proposed model has been analyzed by examining the impact of hyperparameters. The highest possible accurate classification rate has been accomplished at 93.54%.","","978-1-6654-6408-6","10.1109/ICCMC56507.2023.10083888","","https://ieeexplore.ieee.org/stamp/stamp.jsp?arnumber=10083888","Deep learning;Crop;UNET;ResNet;U-SegNet","Productivity;Deep learning;Analytical models;Insects;Computational modeling;Face recognition;Crops;Agriculture;Feeds","","10","","33","IEEE","4 Apr 2023","23-25 Feb. 2023","23-25 Feb. 2023","IEEE","IEEE Conferences"
"Anthill Detection in Precision Agriculture Using Machine Learning","J. Dalmasso; M. A. Montoya; P. C. Martínez; E. N. Millán","Geomática y Agricultura de Precisión, INTA EEA Mendoza, Mendoza, Argentina; Facultad de Ciencias Agrarias (UNCuyo), Geomática y Agricultura de Precisión INTA EEA Mendoza, Mendoza, Argentina; Instituto Tecnológico Universitario (ITU) Universidad Nacional de Cuyo, Mendoza, Argentina; Instituto Interdisciplinario de Ciencias Básicas, ICB CONICET-FCEN UNCuyo, Instituto Tecnológico Universitario (ITU-UNCuyo), Mendoza, Argentina",2025 XXI Workshop on Information Procesing and Control (RPIC),"27 Nov 2025","2025","","","1","5","This study explores the use of deep learning models for insect pest detection, focusing on different versions of the YOLO (You Only Look Once) object detection architecture. We compare the performance of YOLOv4, YOLOv8, and the most recent YOLOv11 models. Each version is tested under different hardware and image conditions to evaluate its suitability for realtime agricultural applications. The results indicate that YOLOv8 balances accuracy and speed more effectively, while YOLOv11 shows promising improvements in complex scenarios.","","979-8-3315-5702-7","10.1109/RPIC67987.2025.11260763","Universidad Nacional de Cuyo(grant numbers:SIIP T001-T4 2022/2024,SIIP 2025/2027); ","https://ieeexplore.ieee.org/stamp/stamp.jsp?arnumber=11260763","Monitoring and data collection;Knowledge management;Drone;YOLO;plague","YOLO;Precision agriculture;Deep learning;Insects;Focusing;Data collection;Knowledge management;Hardware;Monitoring;Drones","","","","13","IEEE","27 Nov 2025","17-19 Sept. 2025","17-19 Sept. 2025","IEEE","IEEE Conferences"
"Detection and Classification of Agricultural Pest and Vermin’s using Full-Convolutional Neural Network","A. R. Abdulrazzaq; A. K. TüRkben; S. Kurnaz","Information technology, Altinbas university, Istanbul, Turkey; Information technology, Altinbas university, Istanbul, Turkey; electrical and computer engineering, Altinbas university, Istanbul, Turkey",2023 7th International Symposium on Innovative Approaches in Smart Technologies (ISAS),"17 Jan 2024","2023","","","1","6","This paper comprehensively explores the development and implementation of Full-Convolutional Neural Networks (FCNs) for precise agricultural pest and vermin detection and classification. Precision farming, a cornerstone of modern agriculture, relies heavily on effective crop health management, with pest and rodent identification being a critical aspect. FCN, a specialized deep learning technique, exhibits unique capabilities by facilitating precise pest localization within crop images, regardless of input size.To ensure the research’s credibility and efficacy, a diverse array of data sources, encompassing drones, stationary cameras, and handheld devices, is tapped. High-quality images with superior resolution and ideal lighting conditions are essential for maximizing model performance. Additionally, dataset diversity and rigorous professional-grade annotation processes significantly bolster model robustness. Annotation tools such as Labelbox are harnessed for accurate pest and vermin delineation, employing advanced techniques like bounding boxes and segmentation masks, with multiple reviewers engaged to minimize errors.This paper presents a comprehensive roadmap for developing and deploying FCNs tailored to agricultural pest and vermin detection and classification. It offers invaluable insights into the seamless integration of cutting-edge technology into precision farming practices. The research thereby contributes to improving crop health management and promoting sustainable agricultural approaches, underlining its significance in the contemporary agricultural landscape.","","979-8-3503-8306-5","10.1109/ISAS60782.2023.10391393","","https://ieeexplore.ieee.org/stamp/stamp.jsp?arnumber=10391393","Detection;Classification Full-Convolutional Neural Network;Agricultural Pest","Performance evaluation;Location awareness;Annotations;Soft sensors;Neural networks;Crops;Rodents","","","","23","IEEE","17 Jan 2024","23-25 Nov. 2023","23-25 Nov. 2023","IEEE","IEEE Conferences"
"Research on Cross-Regional Crop Pest and Disease Collaborative Diagnosis Based on Federated Knowledge Graphs: An AI Reasoning Mechanism Integrating Multi-Source Privacy Data and Domain Knowledge","W. Mu","Institute of Agricultural Sciences (IAR), Xizang Academy of Agriculture and Animal Husbandry Sciences (XZAAAS), Lhasa, China",2025 IEEE 4th International Conference of Safe Production and Informatization (IICSPI),"24 Mar 2026","2025","","","584","588","To accomplish intelligent co-diagnosis of cross-regional crop pests and diseases, as well as facilitate knowledge sharing and reasoning while protecting privacy, this paper suggests a federated knowledge graph-based diagnosis approach. By aggregating multi-source and heterogeneous agricultural data, a federated knowledge graph is established through alignment and grouping of concepts. Additionally, data privacy can be protected through application of differential privacy techniques within a federated system. Algorithms of multimodal feature fusion and neural-symbolic hybrid reasoning enable improvement of model interpretability and cross-region diagnosis capability. Experiments have proven that this diagnosis model has better accuracy, efficiency, and privacy preservation compared with other centralized deep learning diagnosis models, and can thus serve as a technical means for agriculture knowledge co-sharing and intelligent diagnosis tasks.","","979-8-3315-3878-1","10.1109/IICSPI66775.2025.11438122","","https://ieeexplore.ieee.org/stamp/stamp.jsp?arnumber=11438122","Federated learning;Knowledge graph;Crop pests and diseases;Differential privacy;Explainable reasoning","Privacy;Differential privacy;Technological innovation;Semantics;Crops;Knowledge graphs;Cognition;Resource management;Optimization;Diseases","","","","15","IEEE","24 Mar 2026","26-28 Dec. 2025","26-28 Dec. 2025","IEEE","IEEE Conferences"
"Comparative Study of Major Algorithms for Pest Detection in Maize Crop","D. Sheema; K. Ramesh; P. N. Renjith; A. Lakshna","Department of Computer Applications, Hindustan Institute of Technology and Science, Chennai, Tamilnadu, India; Department of Computer Science and Engineering, Hindustan Institute of Technology and Science, Chennai, Tamilnadu, India; Department of Computer Science and Engineering, Hindustan Institute of Technology and Science, Chennai, Tamilnadu, India; Department of Computer Applications, Hindustan Institute of Technology and Science, Chennai, Tamilnadu, India",2021 International Conference on Intelligent Technologies (CONIT),"4 Aug 2021","2021","","","1","7","Early-stage control of maize plant pest is a big issue in precision agriculture. Farmers can prevent pest only if they identified as early as possible and can avoid economic losses also. This type of process can minimize the usage of pesticides and can bring healthy crop. Here algorithm features are takes place for comparative study to identify the training time, training data, merits, demerits and accuracy. In this study, we found Faster R-CNN is good in accuracy but time delay was high. Faster R-CNN convolutional neural network is desirable to develop user friendly system for the farmers that can automatically identify pest. The object detection method can be further improved by adopting the proposed model. We proposed new algorithm to replace the drawback and to provide best result in both accuracy and time delay. IoU method supports to find the prediction object from the real object, hence the pest can identify from the crop. The pseudocode can use to develop the real time system to bring out the process in effective and also efficient manner. Some of the samples have initialize to check the performance metrics of the proposed algorithm.","","978-1-7281-8583-5","10.1109/CONIT51480.2021.9498280","","https://ieeexplore.ieee.org/stamp/stamp.jsp?arnumber=9498280","Pest;Faster R-CNN;Accuracy;Algorithm","Training;Productivity;Delay effects;Plants (biology);Training data;Object detection;Prediction algorithms","","12","","30","IEEE","4 Aug 2021","25-27 June 2021","25-27 June 2021","IEEE","IEEE Conferences"
"Efficient Detection of Invasive Stink Bugs Using Convolutional Neural Networks","A. Dinca; N. Angelescu; L. Ichim; T. -L. Serghei; D. Popescu","Faculty of Automatic Control and Computer Science, National University of Science and Technology Politehnica Bucharest, Bucharest, Romania; Faculty of Electrical Engineering, Electronics, and Information Technology, Valahia University of Targoviste, Targoviste, Romania; Faculty of Automatic Control and Computer Science, National University of Science and Technology Politehnica Bucharest, Bucharest, Romania; Faculty of Automatic Control and Computer Science, National University of Science and Technology Politehnica Bucharest, Bucharest, Romania; Faculty of Automatic Control and Computer Science, National University of Science and Technology Politehnica Bucharest, Bucharest, Romania",2023 31st Telecommunications Forum (TELFOR),"1 Jan 2024","2023","","","1","4","Timely pest detection and identification is critical as part of modern agriculture. Halyomorpha Halys is a prevalent pest with proven harmful impacts on numerous crops and agricultural regions. The paper proposes an efficient model to improve the detection of two invasive stink bugs: Halyomorpha halys and Nezara Viridula. Automatic detection of these two bugs is essential in various fields, such as precision agriculture and integrated pest management. The high performances obtained in the present study open new perspectives for the further development of insect pest detection systems and can serve as a basis for future modifications and improvements of these models.","","979-8-3503-0313-1","10.1109/TELFOR59449.2023.10372747","","https://ieeexplore.ieee.org/stamp/stamp.jsp?arnumber=10372747","convolutional neural networks;insect pest detection;agriculture","Insects;Computational modeling;Computer bugs;Crops;Computer architecture;Data models;Telecommunications","","1","","17","IEEE","1 Jan 2024","21-22 Nov. 2023","21-22 Nov. 2023","IEEE","IEEE Conferences"
"Leveraging Machine Learning and Drone Technology for Effective Insect Pest Management in Agriculture","M. A. Shaik; M. Parveen; I. Qureshi","School of Computer Science & Artificial Intelligence, SR University, Warangal, Telangana State, India; Department of Information Technology, Vidya Jyothi Institute of Technology, Hyderabad, Telangana State, India; College of Computing and Information Sciences, AlMusanna College of Technology, Sultanate of Oman",2024 Asia Pacific Conference on Innovation in Technology (APCIT),"18 Sep 2024","2024","","","1","8","Insect pests pose a serious threat to food security and agricultural profitability, as they cause direct damage to crops and transmit plant diseases. Manual monitoring methods are inadequate to detect and prevent infestations, especially in large-scale farming operations. This article explores the potential of using drone technology and machine learning algorithms to enhance insect pest management in agriculture. Drones can capture high-resolution images of fields, while machine learning can analyze the data and identify signs of insect activity. However, this approach faces several challenges, such as the diversity and complexity of insect species, their behavior, and their impact on crops. Therefore, a multidisciplinary collaboration among researchers, farmers, technologists, and entomologists is essential to develop effective and robust solutions. This article aims to provide an overview of the current state and future prospects of using drone technology and machine learning for insect pest management in agriculture.","","979-8-3503-6153-7","10.1109/APCIT62007.2024.10673597","","https://ieeexplore.ieee.org/stamp/stamp.jsp?arnumber=10673597","Deep learning;machine learning;Insect Pest;drone;decision tree","Radio frequency;Support vector machines;Accuracy;Machine learning algorithms;Insects;Crops;Nearest neighbor methods","","6","","28","IEEE","18 Sep 2024","26-27 July 2024","26-27 July 2024","IEEE","IEEE Conferences"
"Wheat Pest Identification Based on Deep Learning Techniques","C. Li; S. Chen; Y. Ma; M. Song; X. Tian; H. Cui","School of Computer Science and Engineering, Faculty of Innovation Engineering, Macau University of Science and Technology, Macau, China; School of Computer Science and Engineering, Faculty of Innovation Engineering, Macau University of Science and Technology, Macau, China; School of Computer Science and Engineering, Faculty of Innovation Engineering, Macau University of Science and Technology, Macau, China; School of Plant Protection, China Agricultural University, Beijing, China; School of Computer Science and Engineering, Faculty of Innovation Engineering, Macau University of Science and Technology, Macau, China; School of Computer Science, Zhuhai College of Science and Technology, Zhuhai, China",2024 IEEE 7th International Conference on Big Data and Artificial Intelligence (BDAI),"1 Oct 2024","2024","","","87","91","In recent years, effective pest management has become of cross-application of artificial intelligence and big data technologies in agriculture and environment. Nowadays, plant pests have just become a serious problem, which affects the ecological health as well as the growth of crops. In order to further better target traditional crop wheat for pest management, this study utilizes advanced deep learning techniques to accurately detect and categorize common wheat pests (“wireworm”, “Beet spot flies”, and “Cicadellidae”). Through the comparative analysis with the baseline model ResNet-18 model, this study also introduces the more advanced models SE-RegNetY and SEInception-ResNet-V3 models for pest identification in previous studies. Notably, among the three models applied in this study, the SE-Inception-ResNet-V3 model showed excellent results, achieving a significant average overall accuracy of $81.50 \%$ and kappa coefficient of $72.24 \%$, which were $10.3 \%$ and nearly $14.8 \%$ higher than the results of the benchmark ResNet-18 model, respectively. This study marks a further application of deep learning and artificial intelligence in agricultural pest management. By improving the accuracy of agricultural pest identification and classification, it provides the basis and foundation for more sustainable and environmentally friendly pest control methods.","","979-8-3503-5200-9","10.1109/BDAI62182.2024.10692889","Research and Development; Technology Development; ","https://ieeexplore.ieee.org/stamp/stamp.jsp?arnumber=10692889","Deep Learning Techniques;Agriculture;Pest Identification;Wheat;Image Processing","Deep learning;Analytical models;Accuracy;Target recognition;Biological system modeling;Insects;Crops;Big Data;Pest control;Artificial intelligence","","3","","18","IEEE","1 Oct 2024","5-7 July 2024","5-7 July 2024","IEEE","IEEE Conferences"
"On the performance analysis of Yolo algorithms to identify the vector of Greening in orange farms","A. dos Santos; S. B. Mafra; F. A. P. de Figueiredo","Instituto Nacional de Telecomunicacões- Inatel, Santa Rita do Sapucaí, Brazil; Instituto Nacional de Telecomunicacões- Inatel, Santa Rita do Sapucaí, Brazil; Instituto Nacional de Telecomunicacões- Inatel, Santa Rita do Sapucaí, Brazil","2025 International Conference on Artificial Intelligence, Computer, Data Sciences and Applications (ACDSA)","24 Sep 2025","2025","","","1","6","Brazilian citrus farming plays a crucial role in the country’s agricultural economy, boasting significant volumes of citrus fruit production that contribute to both domestic consumption and the export market. However, the advent of Huanglongbing (HLB), commonly known as Greening disease, has introduced substantial challenges to orange juice production, threatening productivity and profitability. This disease is mainly spread by the Asian citrus psyllid (Diaphorina citri), making early and accurate detection of this insect vector essential to mitigate its impact. This study evaluates and compares the performance of state-of-the-art object detection algorithms, YOLOv7, YOLOv8, YOLOv9, YOLOv11, and YOLOv12, in identifying (Diaphorina citri) in orange groves. Experimental results demonstrate that YOLOv9 outperforms other versions based on evaluation metrics, highlighting its potential to improve vector monitoring and control strategies in citrus farming. These findings provide insights into the application of advanced computer vision techniques for agricultural pest management. A key contribution of this work is the ability to identify the disease transmitter in its early stage, where it is not yet capable of contaminating fruits. The model can be integrated with practical implementation aspects, such as its potential use in drone monitoring and intelligent capture systems.","","979-8-3315-3562-9","10.1109/ACDSA65407.2025.11166559","Research and Development; ","https://ieeexplore.ieee.org/stamp/stamp.jsp?arnumber=11166559","Disease;images;model;psyllid;training;vector;YOLO","YOLO;Productivity;Measurement;Computer vision;Accuracy;Green products;Vectors;Monitoring;Diseases;Drones","","","","23","IEEE","24 Sep 2025","7-9 Aug. 2025","7-9 Aug. 2025","IEEE","IEEE Conferences"
"A Research Review of Pest Identification and Detection Based on Deep Learning","T. Wu; G. Wu; J. Tao","School of Artificial Intelligence, Jianghan University, Wuhan; Educational Administration Office, Jianghan University, Wuhan; School of Artificial Intelligence, Jianghan University, Wuhan",2022 34th Chinese Control and Decision Conference (CCDC),"14 Feb 2023","2022","","","6075","6079","Efficient and accurate identification of pests will effectively help solve agricultural pest problems, promote the intelligence, professional and greening of crop pest control. Traditional pest identification and control methods are inefficient, and the use of artificial intelligence technologies such as deep learning and computer vision can significantly reduce human costs and largely improve the efficiency and accuracy of the pest identification process. A review is conducted on deep learning-based pest identification methods, introducing the application and development of different deep learning networks, analyzing the latest research progress of domestic and international scholars in the field, and comparing the performance and characteristics with each other. Existing pest recognition datasets are summarized to provide a reference for in-depth research on the application of pest recognition and detection.","1948-9447","978-1-6654-7896-0","10.1109/CCDC55256.2022.10034017","Jianghan University; ","https://ieeexplore.ieee.org/stamp/stamp.jsp?arnumber=10034017","pest;identification;detection;deep learning","Deep learning;Computer vision;Costs;Green products;Process control;Crops;Pest control","","6","","31","IEEE","14 Feb 2023","15-17 Aug. 2022","15-17 Aug. 2022","IEEE","IEEE Conferences"
"A Review of Convolutional Neural Networks in the Field of Agricultural Pest and Disease Recognition","C. Wei; W. Feng","School of Automotive and Information Engineering, Guangxi Eco-Engineering Vocational & Technical College, LiuZhou, China; School of Automotive and Information Engineering, Guangxi Eco-Engineering Vocational & Technical College, LiuZhou, China",2024 14th International Conference on Information Technology in Medicine and Education (ITME),"27 Mar 2025","2024","","","121","124","The problem of crop diseases and pests severely hinders the production and development of modern agriculture. Convolutional neural networks possess powerful feature extraction capabilities. During the growth process of crops, using convolutional neural network technology helps accurately and efficiently analyze agricultural diseases and pests. This allows farmers to take timely and appropriate remedial measures, thereby improving crop yields. This review analyzes the current state of research on the application of convolutional neural network models in the automatic identification of crop diseases and pests. It discusses the development status and key technologies of various algorithms both domestically and internationally, points out their shortcomings, and further elaborates on the future development trends of high-performance crop disease and pest identification algorithms. This provides a reference for subsequent related research.","2474-3828","979-8-3503-5667-0","10.1109/ITME63426.2024.00035","","https://ieeexplore.ieee.org/stamp/stamp.jsp?arnumber=10935448","component;convolutional neural network;crop pests and diseases;image recognition","Reviews;Crops;Production;Machine learning;Market research;Real-time systems;Sensors;Convolutional neural networks;Optimization;Diseases","","","","18","IEEE","27 Mar 2025","13-15 Sept. 2024","13-15 Sept. 2024","IEEE","IEEE Conferences"
"A Deep Learning Framework with Attention Mechanism for Accurate Detection and Classification of Crop Pest Management","S. P. S; V. S; R. A. K; S. K. Kannaiah","Department of CSE, Rajalakshmi Engineering College, Chennai, India; Department of AIDS, St. Joseph's Institute of Technology, Chennai, India; Department of CINTEL, School of Computing, SRM Institute of Science and Technology, Chennai, India; Department of CSE, Koneru Lakshmaiah Education Foundation, Vaddeswaram, Andhra Pradesh, India","2024 4th International Conference on Computer, Communication, Control & Information Technology (C3IT)","13 Jan 2025","2024","","","1","6","Crop pests lead to significant economic losses, social disruptions, and ecological damage worldwide. Some of the financial effects are realized through the minimization of agricultural produce and the increase in costs associated with controlling measures over crop pests. Societal effects include food insecurity and a decrease in farmers' livelihoods; ecological effects may be loss of biodiversity and ecosystem disruption. Accurate identification of the pest is undertaken for effective pest management to take place. The challenges are relatively high in agricultural settings, considering the diversity of such pests. In these regards, different species require specific control strategies, including chemical insecticides, biological control measures, and cultural practices. Wrong identification may lead to the adoption of ineffective or improper control measures that may further deteriorate the situation. Deep learning models have proven outstanding in image classification competitions in the past years. That has attracted much attention from agricultural experts who would like to utilize these models for identification. Deep learning methods applied to identifying pests have shown a bright future but are also subjected to several challenges. First, the algorithms have some intrinsic complexities and require large amounts of labeled data to be trained to high effectiveness. However, ample and quality data for training is lacking for most pesticide species. The limited availability of data reduces the accuracy of existing methods in detecting and classifying pests. To address these challenges, the need to develop a fully automated system for the accurate detection of pests by class should be taken seriously. Such a system will employ deep learning models that use attention mechanisms and other capabilities to improve accuracy. Attention mechanisms permit the model to focus more on relevant parts of the input image and enhance its ability to distinguish between different pest species. This paper proposes a framework for an insect detection and classification system using an attention mechanism. The experimental results depict that this proposed model achieves the desired accuracy rate of 96.92 percent. The current level of precision is a notable improvement over current approaches and illustrates the potential of sophisticated deep-learning methods to revolutionize insect control strategies.","","979-8-3503-8912-8","10.1109/C3IT60531.2024.10829452","","https://ieeexplore.ieee.org/stamp/stamp.jsp?arnumber=10829452","Attention Mechanism;Crop;Deep Learning;Classification;Pest Management","Deep learning;Training;Accuracy;Attention mechanisms;Biological system modeling;Crops;Pesticides;Complexity theory;Classification algorithms;Cultural differences","","9","","12","IEEE","13 Jan 2025","28-29 Sept. 2024","28-29 Sept. 2024","IEEE","IEEE Conferences"
"The Function of Crop pest and disease identification based on the improved ConvNeXt Network model","H. Chen; Y. Liao","School of EIE Heyuan Polytechnic, Heyuan, Guangdong, China; School of EIE Heyuan Polytechnic, Heyuan, Guangdong, China",2023 4th International Conference on Electronic Communication and Artificial Intelligence (ICECAI),"13 Jul 2023","2023","","","387","391","A ConvNeXt-ECA network model based on the improved ConvNeXt network is designed for the problem that the pest identification method based on traditional machine learning and simple neural network is not ideal for crop pest identification with unbalanced data, unclear features and multiple categories. The model is based on the ConvNeXt network model as the backbone network, using migration learning to achieve the sharing of pre-trained weight parameters and combining with the attention mechanism to enhance the feature fusion capability. Finally, 16 plant species with a total of 27 types of diseases were studied with a total of 34,200 images, and the training set, validation set and test set were divided in the ratio of 6:2:2. The model converged significantly faster during the experimental training compared with VGG19, GoogLeNet, ResNet50 and ConvNeXt networks. The experimental results show that the accuracy of the improved ConvNeXt network-based crop pest and disease intelligent recognition model reaches 96.73%, while the ablation experiments demonstrate the improvement of the model performance by the optimization method proposed in this paper.","","979-8-3503-1449-6","10.1109/ICECAI58670.2023.10176546","","https://ieeexplore.ieee.org/stamp/stamp.jsp?arnumber=10176546","ConvNeXt;transfer learning;attention mechanism;pattern recognition","Training;Image recognition;Computational modeling;Transfer learning;Neural networks;Crops;Optimization methods","","2","","9","IEEE","13 Jul 2023","12-14 May 2023","12-14 May 2023","IEEE","IEEE Conferences"
"Research on Agricultural Pest Target Detection Method based on YOLOv7","R. Wang; K. Xiang; B. Shao","School of Software BUAA, Beijing, China; Energy Conservation and Green Development Research Center CSIC, Beijing, China; School of Software BUAA, Beijing, China",2023 5th International Conference on Frontiers Technology of Information and Computer (ICFTIC),"13 Mar 2024","2023","","","505","509","The detection of agricultural pests is a crucial part of smart agriculture. In the realm of small agricultural pest detection within complex environments, this paper presents our novel, tailored pest detection approach. Our methodology is rooted in an optimized adaptation of the YOLOv7 model. The enhanced model we propose guarantees real-time detection capabilities, while simultaneously delivering improved accuracy. The key feature augmentations we incorporate are as follows: We developed a precisely engineered detection layer to tackle the complexities posed by small target detection. Optimization of preliminary box generation was realized through the deployment of a clustering algorithm. Additionally, we improved the non-maximum suppression approach. To manage extraneous information in the convoluted agricultural environment, we fused the ACmix attention mechanism module within the model to concentrate on agricultural pests. Our practical results substantiate the efficacy of our enhanced model, named YOLOv7-AgirPest, which achieves an astounding detection speed of 60.17 FPS in identifying agricultural pests. Additionally, we achieved significant progress with an mAP value reaching 67.23%, marking a 6.1% relative enhancement over the baseline YOLOv7 model. In summary, our refined model not only fulfills real-time detection constraints but also delivers superior agricultural pest detection in complex field conditions.","","979-8-3503-0903-4","10.1109/ICFTIC59930.2023.10456287","","https://ieeexplore.ieee.org/stamp/stamp.jsp?arnumber=10456287","deep learning;target detection;pest detection","Smart agriculture;Adaptation models;Target recognition;Computational modeling;Clustering algorithms;Object detection;Feature extraction","","5","","5","IEEE","13 Mar 2024","17-19 Nov. 2023","17-19 Nov. 2023","IEEE","IEEE Conferences"
"Fast Crop Pest Detection Using Lightweight Feature Extraction and Knowledge Distillation","Z. Yang; X. Jiang; G. Jin; J. Huang; J. Bai; D. Yu","Faculty of Electrical Engineering and Computer Science, Ningbo University, Ningbo, China; Faculty of Electrical Engineering and Computer Science, Ningbo University, Ningbo, China; Faculty of Electrical Engineering and Computer Science, Ningbo University, Ningbo, China; Faculty of Electrical Engineering and Computer Science, Ningbo University, Ningbo, China; Faculty of Electrical Engineering and Computer Science, Ningbo University, Ningbo, China; Faculty of Electrical Engineering and Computer Science, Ningbo University, Ningbo, China","2023 IEEE International Conference on Systems, Man, and Cybernetics (SMC)","29 Jan 2024","2023","","","2277","2282","Pest detection is critical for achieving effective pest control. However, the current deep learning-based pest detection algorithm is unsuitable for deployment on resource-limited edge devices due to its extensive computation and long inference time. Although lightweight models have been widely used for practical detection, their insufficient feature extraction capability leads to a decline in detection accuracy. This paper proposes a fast algorithm for crop pest detection based on lightweight feature extraction and knowledge distillation. Firstly, we introduce partial convolution and propose a lightweight feature extraction module, C3Faster, which reduces the model's computation and speeds up model inference while ensuring effective feature extraction. Secondly, we use knowledge distillation to improve the model's detection accuracy by using teacher networks to assist in training. Finally, we created a dataset, CropPest6, consisting of six crop pest categories and conducted experiments. The experimental results demonstrate that our method reduces the detection time, number of parameters, and computation by 17%, 38%, and 44%, respectively, compared to the baseline model. Furthermore, our method achieves 93.9% Precision, 93.6% Recall, and 97.5% mean Average Precision (mAP), demonstrating its practical suitability for fast crop pest detection.","2577-1655","979-8-3503-3702-0","10.1109/SMC53992.2023.10394148","","https://ieeexplore.ieee.org/stamp/stamp.jsp?arnumber=10394148","deep learning;object detection;pest detection;crop pests","Knowledge engineering;YOLO;Training;Computational modeling;Crops;Feature extraction;Task analysis","","1","","14","IEEE","29 Jan 2024","1-4 Oct. 2023","1-4 Oct. 2023","IEEE","IEEE Conferences"
"Development of a Pest Automatic Diagnosis System for Intelligent Agriculture Using Image Recognition","C. -C. Song; W. -Z. Chen; H. -Y. Chen; Y. -K. Chen","Department of Aeronautical Engineering, National Formosa University, Yulin, Taiwan; Graduate Institute of Aeronautical and Electronic Engineering, National Formosa University, Yulin, Taiwan; Graduate Institute of Aeronautical and Electronic Engineering, National Formosa University, Yulin, Taiwan; Department of Aeronautical Engineering, National Formosa University, Yulin, Taiwan","2023 International Technical Conference on Circuits/Systems, Computers, and Communications (ITC-CSCC)","15 Aug 2023","2023","","","1","5","Nowadays, the intelligent agriculture is rapidly developing in most of the countries. In some advanced countries, both the research and development of agricultural-related technology and the application of innovative technology have actively been supported with the policies in the recent years. In this paper, the study on agricultural pest and disease diagnosis system is discussed and evaluated. The pest automatic diagnosis system platform is implemented and constructed with image recognition, artificial intelligence algorithm, and network monitoring system. By using image recognition on pest identification and scientific management can achieve the primary goal of intelligent prevention and precision monitoring in agriculture, whereas data analysis of farmland is fulfilled to provide farmers with data-based information, so that farmers can immediately understand the status of the farmland, such as weather conditions, spraying time, pest quantity, pest distribution, etc. Additionally, through the diagnosis and analysis of image recognition and AI algorithm, the grading and amount of variable pesticide spraying is determined to improve and enhance the control of pest and disease and to achieve the goal of reducing pesticide usage and environmental pollution","","979-8-3503-2641-3","10.1109/ITC-CSCC58803.2023.10212586","","https://ieeexplore.ieee.org/stamp/stamp.jsp?arnumber=10212586","Artificial intelligence;Intelligent agriculture;Image recognition;Pest Automatic Diagnosis System","Smart agriculture;Image recognition;Databases;Spraying;Pesticides;Sensors;Servers","","6","","8","IEEE","15 Aug 2023","25-28 June 2023","25-28 June 2023","IEEE","IEEE Conferences"
"Paddy Crop Pest Identification and Classification Techniques Using Deep Learning","H. A; B. S. P","Department of Networking and Communications, SRM Institute of Science and Technology, Kattankulathur, India; Department of Networking and Communications, SRM Institute of Science and Technology, Kattankulathur, India","2023 International Conference on Innovative Computing, Intelligent Communication and Smart Electrical Systems (ICSES)","19 Mar 2024","2023","","","1","8","The presence of pests in crops has a significant negative influence on both the quality and the quantity. As a result, taking steps to control and prevent bug infestations is more crucial than ever. Early detection of pests can increase agricultural production, which is of utmost significance to farmers. Finding pests manually may take time and effort for farmers, particularly those who operate bigger farms. Therefore, it is crucial to develop pest identification system based on computer vision in order to reduce the damage due to pests through proper classification of the pests and targeted management strategies. This may be accomplished by targeting management techniques towards specific pests. Deep convolutional neural networks (CNNs) are capable of extracting features and learn complicated, high-level qualities for images categorization, they are being used to address this problem. This study aims to provide a comparative analysis of several deep-learning methodologies. The Inception V3 model has outstanding performance, with an accuracy of 93.64%. It is clear that resources for determining pests impacting the yield of paddy and assessing their effectiveness are accessible to everyone.","","979-8-3503-1920-0","10.1109/ICSES60034.2023.10465565","","https://ieeexplore.ieee.org/stamp/stamp.jsp?arnumber=10465565","Convolutional neural networks;Paddy pests;Image recognition;Deep learning;Pest control","Deep learning;Support vector machines;Computer vision;Image recognition;Computational modeling;Crops;Production","","2","","20","IEEE","19 Mar 2024","14-15 Dec. 2023","14-15 Dec. 2023","IEEE","IEEE Conferences"
"Pest Detection in Crops Using Deep Neural Networks","B. Jayanthi; T. A. Priyanka; V. B. Shalini; R. K. Grace","Department of Computer Science and Engineering, Sri Ramakrishna Engineering College, Coimbatore, India; Department of Computer Science and Engineering, Sri Ramakrishna Engineering College, Coimbatore, India; Department of Computer Science and Engineering, Sri Ramakrishna Engineering College, Coimbatore, India; Department of Computer Science and Engineering, Sri Ramakrishna Engineering College, Coimbatore, India",2022 8th International Conference on Advanced Computing and Communication Systems (ICACCS),"7 Jun 2022","2022","1","","29","32","Pests play a significant impact in crop destruction. Currently, crop yields are being reduced as a result of pest- infested crops, resulting in a reduction in output rate. The possibility of identifying the plant disease in an unfavorable environment is not pursued further. The key problem is to reduce pesticide use in the agricultural field while increasing the assembly rate's standard and quantity. This paper is laboring to explore the plant disease prediction at an untimely action. In spite of traditional convolution neural network (CNN)-based approaches, new method for detecting and recognizing insect pests have been created to produced adequate results. To optimize various parameters, CNN-based approaches necessitate a huge dataset. As a result, CNN-based two-stage recognition and identification process for insect pests is proposed. A region suggestion network for insect pest detection using YOLOv3 and a re-identification method are also presented in this paper. To train these models, knowledge augmentation method using image processing is proposed. YOLOv3 provides 92.11% accuracy when compared to CNN during pest detection.","2575-7288","978-1-6654-0816-5","10.1109/ICACCS54159.2022.9785155","","https://ieeexplore.ieee.org/stamp/stamp.jsp?arnumber=9785155","CNN;YOLOv3;Pest Detection;Crop;Yield","Deep learning;Temperature distribution;Insects;Image processing;Neural networks;Crops;Weather forecasting","","10","","20","IEEE","7 Jun 2022","25-26 March 2022","25-26 March 2022","IEEE","IEEE Conferences"
"Smart Farming: Eggplant Leaf Disease Detection through Fine-Tuned DenseNet201 Deep Learning Model","G. Sharma; B. Thakur; A. Kumar; S. Singh; M. M. Adnan; A. Shrivastava; D. Banerjee","School of Artificial Intelligence, Bennett University, Greater Noida, U.P., India; Multimedia & Journalism, School of Management Studies (SMS), CGC University, Mohali, Punjab; School of Computer Science Engineering and Technology, Bennett University, Greater Noida, India; Dept Of Ece, Graphic Era (Deemed To Be University), Dehradun; Department of Computers Techniques Engineering, College of Technical Engineering, The Islamic university, Najaf, Iraq; Saveetha School of Engineering, Saveetha Institute of Medical and Technical Sciences, Chennai, Tamilnadu, India; Chitkara University Institute of Engineering and Technology, Chitkara University, Punjab, India",2025 1st International Conference on Advancement in Futuristic Technologies (ICAFT),"31 Mar 2026","2025","","","1","6","In most developing nations, farmers rely on eggplant which is easily affected by various leaf-related diseases. Early and proper identification of these diseases will aid in provision of food, sustainable farming and lowering of costs. An accurate fine-tuning of DenseNet201 and a deep learning approach have enabled researchers to distinguish between the eggplant leaves status of healthy, insect pest disease, leaf spot disease, mosaic virus disease, small leaf disease, white mold disease and wilt disease. In total, 3552 images of the open-source Kaggle platform were chosen and separated into training, validation and testing subsets in this proportion: 70, 15 and 15 percent. The proposed system achieved an accuracy of 86% on test data and good scores in precision, recall and F1-scores on the majority of classes. The training curves and analysis of the confusion matrices indicates clearly that the model is firm and error rate is small. Plant pathology with artificial intelligence can contribute to a quicker resolution of plant diseases, responsible eating habits, and combats climate change and hunger. The study meets the goals of sustainable development by helping to improve the efficiency of farming, by promoting new ideas to find solutions, efficient utilization of resources. Farmers and agriculturalists are able to detect diseases at an earlier stage, use reduced amounts of pesticides, and get higher yields through the recommended approach.","","979-8-3315-7159-7","10.1109/ICAFT66710.2025.11452668","","https://ieeexplore.ieee.org/stamp/stamp.jsp?arnumber=11452668","Eggplant disease classification;DenseNet201;deep learning;sustainable agriculture;food security;plant pathology;image classification","Deep learning;Training;Smart agriculture;Pathology;Accuracy;Production;Sustainable development;Viruses (medical);Diseases;Farming","","","","27","IEEE","31 Mar 2026","19-21 Dec. 2025","19-21 Dec. 2025","IEEE","IEEE Conferences"
"AI-CABB: An AI-Enabled Integrated Pest Detection System for Enhancing Cabbage Cultivation Using Machine Learning","A. A. Shahid; A. Akter; M. S. Hossain","Dept of Computer Science and Engineering, Green University of Bangladesh, Bangladesh; Dept of Computer Science and Engineering, United International University, Bangladesh; Dept of Computer Science and Engineering, Green University of Bangladesh, Bangladesh",2023 5th International Conference on Sustainable Technologies for Industry 5.0 (STI),"25 Mar 2024","2023","","","1","6","One of the most important vegetable crops on the planet, cabbage, faces a threat from destructive insects that reduce yields and harm businesses. As a commonly grown crop, cabbage is vulnerable to pests including aphids, whiteflies, and diamondback moths. Sustainable solutions are necessary, as conventional pest management techniques like the use of pesticides endanger both the environment and human health. Conventional control techniques, such as physical inspection and chemical treatments, prove to be time-consuming, labor-intensive, and hazardous to the environment and human health. The transformative potential of ML lies in its ability to accurately identify and manage pests while mitigating environmental harm. The emphasis on machine learning-based identification of hazardous insects attacking cabbage fills an existing gap. This work aims to address the detection gap for damaging insects attacking cabbage using machine learning (ML), specifically in the diagnosis and management of crop concerns. Additionally, one of the key accomplishments of this work is the creation of a dataset made up of four different insect classes. Later, the detection model, YOLOv5, is trained and validated using this dataset. The resulting machine learning model enables the identification of harmful insects in real-time, potentially revolutionizing the control of insect pests in agriculture. Given the importance of agriculture to economies, this research acknowledges the challenges farmers face, including pest infestations that diminish crop productivity. The outcomes of real-time identification of different harmful insects support improved pest management techniques and provide insights for future research.","","979-8-3503-9431-3","10.1109/STI59863.2023.10465192","","https://ieeexplore.ieee.org/stamp/stamp.jsp?arnumber=10465192","AI-Enabled Cabbage Cultivation;Pest Detection System;Machine Learning;YOLOv5","YOLO;Productivity;Planets;Insects;Crops;Machine learning;Pesticides","","3","","14","IEEE","25 Mar 2024","9-10 Dec. 2023","9-10 Dec. 2023","IEEE","IEEE Conferences"
"Algorithm for Crop Disease Detection Based on Channel Attention Mechanism and Lightweight Up-Sampling Operator","W. Chen; L. Zheng; J. Xiong","College of Physics and Electronic Information Engineering, Zhejiang Normal University, Jinhua, Zhejiang, China; Department of Transportation Engineering, Xingzhi College, Zhejiang Normal University, Jinhua, Zhejiang, China; College of Physics and Electronic Information Engineering, Zhejiang Normal University, Jinhua, Zhejiang, China",IEEE Access,"14 Aug 2024","2024","12","","109886","109899","Crop diseases and pests cause significant economic losses to agriculture every year, making accurate identification crucial. Traditional pest and disease detection relies on farm experts, which is often time-consuming. Computer vision technology and artificial intelligence can provide automated disease detection, enabling real-time precise control of crop diseases and timely prevention measures. To accurately identify plant diseases under complex natural conditions, we developed an improved crop pest and disease recognition model based on the original YOLOv5 network. First, we integrated the Squeeze-and-Excitation (SE) module into YOLOv5, allowing our proposed model to better distinguish leaf features of different crops and accurately identify disease types. Second, to enhance the model’s feature extraction capability for diseased areas and reduce the loss of disease feature information, we replaced the original Up-sample module in YOLOv5 with a lightweight up-sampling operator, the CARAFE module. Third, we improved the original loss function using the EIoU loss function to increase the model’s detection accuracy. Lastly, to reduce model complexity and meet real-time detection requirements, we introduced the Ghost Convolution module into the backbone network. During the experimental phase, to validate the model’s effectiveness, we randomly divided sample images from the constructed crop pest and disease database into training, validation, and test sets. Experimental results showed that the improved YOLOv5 model achieved an accuracy of 90.0%, a recall rate of 91.4%, mAP@.50 of 92.1%, and mAP@.5:.95 of 64%. The parameter count and computational load were reduced by 23.9% and 31.2%, respectively, outperforming popular methods including YOLOv5, YOLOv7, and YOLOv8. The improved model can accurately identify crop pests and diseases under natural conditions and is suitable for deployment in real-world applications, providing a technical reference for crop pest and disease management.","2169-3536","","10.1109/ACCESS.2024.3439410","","https://ieeexplore.ieee.org/stamp/stamp.jsp?arnumber=10623756","Crop diseases and insect pests;YOLOV5;CARAFE;SE;EIoU loss function;ghost convolution","Diseases;Crops;Feature extraction;YOLO;Computational modeling;Accuracy;Load modeling","","18","","37","CCBY","6 Aug 2024","2024","","IEEE","IEEE Journals"
"LeAF: Leveraging Deep Learning for Agricultural Pest Detection and Classification for Farmers","A. Sengupta",NA,2024 19th Conference on Computer Science and Intelligence Systems (FedCSIS),"4 Nov 2024","2024","","","525","530","Farmers face many challenges while growing crops such as monitoring and maintaining plant health. Key indicators of poor plant health are plant anomalies such as pests, plant disease, and weeds, which can decrease crop yield. Over 40% of global crop production is lost to plant anomalies, costing $220 billion annually. As the global population and demand for food increases, farmers will have to grow more food, making manual surveying for plant anomalies increasingly difficult. This forces farmers to excessively and indiscriminately apply more fertilizers and pesticides across their whole fields, often to both healthy and unhealthy plants, unnecessarily wasting acres worth of chemicals and increasing chemical contamination of food and environmental footprint of agriculture as the chemicals release greenhouse gases after their application and leak into ecosystems. Recent advances in deep learning with Convolutional Neural Networks (CNNs) allow using imaging data to solve this problem. LeAF aims to provide farmers with an end-to-end system to survey crops on the field and take targeted actions to maintain plant health. By focusing on agricultural pests, this paper demonstrates the following capabilities for the visual perception sub-system of LeAF: (1) use CNNs on field images to get plant-specific data with bounding box based detection and classification about plant anomalies at human-level accuracy and (2) combine detection and classification functionality into a single compact distilled model that can run on farmer accessible mobile phones or in embedded devices in agricultural tractors and robots with low latency and high throughput to enable real-time processing on video feeds. With lightweight and accurate plant anomaly detection and classification, LeAF addresses plant health management challenges faced by farmers, empowering them with actionable insights to enhance productivity while minimizing chemical usage and its environmental impact.","","978-83-969601-6-0","10.15439/2024F2492","","https://ieeexplore.ieee.org/stamp/stamp.jsp?arnumber=10736058","","Deep learning;YOLO;Surveys;Accuracy;Plants (biology);Throughput;Mobile handsets;Agriculture;Chemicals;Visual perception","","2","","22","","4 Nov 2024","8-11 Sept. 2024","8-11 Sept. 2024","IEEE","IEEE Conferences"
"Integrating Deep Learning with the Gemini API for Improved Pest Management","M. Manoj; F. Ihsan; D. G K; A. T","Department of Computer Science and Engineering, Amrita School of Computing, Amrita Vishwa Vidyapeetham, Amritapuri, India; Department of Computer Science and Engineering, Amrita School of Computing, Amrita Vishwa Vidyapeetham, Amritapuri, India; Department of Computer Science and Engineering, Amrita School of Computing, Amrita Vishwa Vidyapeetham, Amritapuri, India; Department of Computer Science and Engineering, Amrita School of Computing, Amrita Vishwa Vidyapeetham, Amritapuri, India","2024 3rd International Conference on Automation, Computing and Renewable Systems (ICACRS)","17 Jan 2025","2024","","","846","851","This study uses the Gemini API and deep learning algorithms to provide a novel approach to agricultural pest management. Pests pose serious difficulties to agriculture, thus prompt and precise pest management is crucial. The method combines the ability of the Gemini API to generate pertinent information on pesticides, home remedies, and nearby retail locations with deep learning models for pest classification. By using user-uploaded photos to identify pests, the deep learning model is taught to make recommendations for pest management tactics. The Gemini API also provides location-based information for nearby retailers carrying suggested products, as well as comprehensive details on safe pesticides and DIY cures. The strategy provides a comprehensive solution for agricultural pest management through integration, giving farmers practical insights for efficient pest control and increased crop output.","","979-8-3315-3242-0","10.1109/ICACRS62842.2024.10841484","","https://ieeexplore.ieee.org/stamp/stamp.jsp?arnumber=10841484","Agricultural Pest Management;Deep Learning;Gemini API;Pest Classification;Pesticide Information;Home Remedies;Location-Based Services;Agricultural Sustainability","Deep learning;Technological innovation;Renewable energy sources;Accuracy;Pesticides;Transformers;Real-time systems;Stakeholders;Usability;Sustainable development","","3","","15","IEEE","17 Jan 2025","4-6 Dec. 2024","4-6 Dec. 2024","IEEE","IEEE Conferences"
"Deep Learning based Automatic Approach using Hybrid Global and Local Activated Features towards Large-scale Multi-class Pest Monitoring","L. Liu; R. Wang; C. Xie; P. Yang; S. Sudirman; F. Wang; R. Li","Institute of Intelligent Machines, and Hefei Institute of Physical Science, Chinese Academy of Sciences, Hefei, China; Institute of Intelligent Machines, and Hefei Institute of Physical Science, Chinese Academy of Sciences, Hefei, China; Institute of Intelligent Machines, and Hefei Institute of Physical Science, Chinese Academy of Sciences, Hefei, China; Department of Computer Science, Liverpool John Moores University, Liverpool, UK; Department of Computer Science, Liverpool John Moores University, Liverpool, UK; Institute of Intelligent Machines, and Hefei Institute of Physical Science, Chinese Academy of Sciences, Hefei, China; Institute of Intelligent Machines, and Hefei Institute of Physical Science, Chinese Academy of Sciences, Hefei, China",2019 IEEE 17th International Conference on Industrial Informatics (INDIN),"30 Jan 2020","2019","1","","1507","1510","Monitoring pest in agriculture has been a high-priority issue all over the world. Computer vision techniques are widely utilized in practical crop pest prevention applications due to the rapid development of artificial intelligence technology. However, current deep learning image analytic approaches achieve low accuracy and poor robustness in agriculture pest monitoring task. This paper targets at this challenge by proposing a novel two-stage deep learning based automatic pest monitoring system with hybrid global and local activated feature. In this approach, a Global activated Feature Pyramid Network (GaFPN) is firstly proposed for extracting highly representative features of pests over both depth and spatial position activation levels. Then, an improved Local activated Region Proposal Network (LaRPN) augmenting contextual and attentional information is represented for precisely locating pest objects. Finally, we design a fully connected neural network to estimate the severity of input image under the detected pests. The experimental results on our 88.6K images dataset (with 16 types of common pests) show that our approach outweighs the state-of-the-art methods in industrial circumstances.","2378-363X","978-1-7281-2927-3","10.1109/INDIN41052.2019.8972026","","https://ieeexplore.ieee.org/stamp/stamp.jsp?arnumber=8972026","Pest Monitoring;Convolutional Neural Network;Global Activated Feature Pyramid Network;Local Activated Region Proposal Network","Deep learning;Location awareness;Estimation;Feature extraction;Agriculture;Robustness;Real-time systems","","10","","20","IEEE","30 Jan 2020","22-25 July 2019","22-25 July 2019","IEEE","IEEE Conferences"
"Technological Advancements in Automated Crop Pest and Disease Detection: A Review & Ongoing Research","V. Sharma; A. K. Tripathi; H. Mittal","Dept. of CSE, MNIT, Jaipur, India; Dept. of CSE, MNIT, Jaipur, India; Dept. of CSE, JIIT NOIDA, Delhi, India","2022 International Conference on Computing, Communication, Security and Intelligent Systems (IC3SIS)","15 Sep 2022","2022","","","1","6","Automated crop pests and disease detection have fateful effects on food safety, leading to significant deterioration in agriculture products. The effects of crop diseases and pests can be so severe that a harvest may even be ruined entirely. Therefore, automatic recognition and diagnosis of crop disease is required in the agricultural field. However, Fast and accurate crop disease detection is still a challenging and error-prone task. Earlier, traditional methods were used to detect abnormalities in crops caused by fungus, pests and nutritional deficiency. Moreover, in some cases, it is time-consuming, expensive and impractical. To overcome these issues, experimental research is being performed into the use of image processing techniques for crop disease detection using machine learning, artificial intelligence, deep learning, generative adversarial networks and the internet of things. In this study, a comprehensive literature review of current studies is performed in crop disease and pest recognition using image processing to extract the features and algorithms used in prediction studies. In particular, several models have reported better accuracy on specific data sets. In contrast, in the case of different data sets or field conditions, the performance of the models degraded significantly. Despite this, progress has been encouraging so far. Furthermore, different inputs gained from the literature indicate that the aforementioned techniques provide better accuracy in comparison with existing techniques. Additionally, a detailed study has been performed on several unresolved challenges to develop a framework for automated crop pests and disease detection to use in real field conditions.","","978-1-6654-6883-1","10.1109/IC3SIS54991.2022.9885605","","https://ieeexplore.ieee.org/stamp/stamp.jsp?arnumber=9885605","Machine learning;Deep learning;Generative adversarial networks;and Internet of things.","Machine learning algorithms;Crops;Feature extraction;Prediction algorithms;Data models;Safety;Internet of Things","","25","","34","IEEE","15 Sep 2022","23-25 June 2022","23-25 June 2022","IEEE","IEEE Conferences"
"Hybrid BILSTM Network for Improving Crop Pest Classification","S. Pournima; C. Priyatharsini; G. Kirubasri; J. Manikandan","Department of CSE, Sona College of Technology; Department of CSE, AVS Engineering College; Department of CSE, Sona College of Technology; Department of CSE, Rajalakshmi Engineering College",2023 International Conference on Computer Communication and Informatics (ICCCI),"24 May 2023","2023","","","1","5","Insect infestations cause considerable monetary losses for the agricultural industries that produce rice, millet, maize, legumes, sugarcane, garbanzo, and onions. It is essential to determine the species of the bug as as quickly as possible in order to minimize the amount of money lost to it. Nevertheless, farmers have a difficult time discriminating between the numerous types of agricultural insects because they lack the experience and understanding to do so. In order to find a solution to this problem, one option is to make use of convolutional neural networks, often known as CNNs, together with other computer-based techniques. CNNs are useful for the identification of many images because of their capacity to automatically learn features that are dependent on the information from the data themselves. Within the scope of this study, we proposed a hybrid BiLSTM network as a potential solution to this problem. A pretrained model and a layer of bidirectional long short-term memories (BiLSTM) that takes temporal information into consideration are included in the architecture that has been recommended.","2473-7577","979-8-3503-4821-7","10.1109/ICCCI56745.2023.10128465","","https://ieeexplore.ieee.org/stamp/stamp.jsp?arnumber=10128465","Long Short-Term Memory;Convolutional Neural Network;Deep Learning;component;formatting;style;styling","Industries;Insects;Transfer learning;Computer bugs;Crops;Computer architecture;Convolutional neural networks","","15","","11","IEEE","24 May 2023","23-25 Jan. 2023","23-25 Jan. 2023","IEEE","IEEE Conferences"
"MS-YOLO: Multi-Scale Network for Small-Object Pest Detection in Cotton Fields","M. Bai; W. Le; X. Qu; Z. Jia","Xinjiang Sky - Ground Integrated Intelligent Computing Technology Laboratory, Changji, China; Xinjiang Sky - Ground Integrated Intelligent Computing Technology Laboratory, Changji, China; School of Computer Science and Technology, Xinjiang University, Urumqi, China; School of Computer Science and Technology, Xinjiang University, Urumqi, China",2025 5th International Conference on Computer Science and Blockchain (CCSB),"17 Sep 2025","2025","","","121","125","To address the persistent challenges of detecting small-sized and scale-diverse agricultural pests in complex field environments, we propose an advanced MS-YOLO network to overcome performance limitations in crop pest monitoring. The solution features three strategically integrated components: First, the cross-stage dual-channel feature extraction block (CSDCFEB) implements coordinated spatial-channel feature extraction through cross-stage hierarchical connections, preserving fine-grained insect characteristics while minimizing information degradation during deep network propagation; Second, the C2BRA attention mechanism employs dual-branch channel-spatial recalibration to dynamically amplify discriminative regions, effectively enhancing the model's capacity to identify subtle pest patterns against cluttered backgrounds. Finally, the Multi-Scale Feature Fusion Pyramid (MSFFP) architecture establishes bidirectional multiscale fusion pathways that synergistically combine low-level textual details with high-level semantic cues, thereby reinforcing feature representation robust ness across varying pest sizes. Experimental results show that MS-YOLO achieves a mAP50 of 67.1 % on the self-built NSC dataset, an improvement of 4.3 % over the base line, while reaching 69.8 % on the large public dataset Pest 24 and 89.2 % on the small public dataset Yellow Sticky Traps. Comprehensive evaluations on these three datasets with different scales and characteristics demonstrate the significant superiority of MS-YOLO, with overall performance surpassing existing object detectors.","","978-1-6654-7781-9","10.1109/CCSB66722.2025.11154227","","https://ieeexplore.ieee.org/stamp/stamp.jsp?arnumber=11154227","Deep learning;Precision agriculture;Small object detection;YOLOv11","Smart agriculture;Precision agriculture;Computational modeling;Insects;Semantics;Object detection;Feature extraction;Real-time systems;Object recognition;Monitoring","","","","12","IEEE","17 Sep 2025","1-3 Aug. 2025","1-3 Aug. 2025","IEEE","IEEE Conferences"
"Crop Pest and Diseases Classification Using ResNet and Inception Network","T. Yanli; A. M. Ali; S. Nordin; W. Jin; L. Guoqin","College of Computing, Informatics and Mathematics Universiti Teknologi MARA, Shah Alam, Malaysia; College of Computing, Informatics and Mathematics Universiti Teknologi MARA, Shah Alam, Malaysia; College of Computing, Informatics and Mathematics Universiti Teknologi MARA, Shah Alam, Malaysia; College of Computing, Informatics and Mathematics Universiti Teknologi MARA, Shah Alam, Malaysia; College of Computing, Informatics and Mathematics Universiti Teknologi MARA, Shah Alam, Malaysia",2024 5th International Conference on Artificial Intelligence and Data Sciences (AiDAS),"30 Oct 2024","2024","","","168","174","Traditional identification and classification methods of pests and diseases mainly rely on manual experience and feature extraction, which have the disadvantages of low accuracy and being easily affected by lighting, angle, and other conditions. Therefore, how to identify and predict crop pests and diseases timely and accurately has become an important issue in agricultural production. Residual neural network (ResNet) solves the problem of gradient disappearance and overfitting in deep neural network training by introducing Residual Block. Networks can transmit information directly across multiple levels, thus achieving a deeper network structure. In this study, an improved and optimized ResNet network was used to classify crop pests and diseases. First, the ResNet network is used to extract the high-level features of the image and map them into the output space. Then, the network is improved and optimized by combining inception structure, hyperparameter enhancement, and transfer learning to improve the performance of the model. The experimental results show that the optimized fusion network achieves better results on the crop pest image classification task.","","979-8-3315-2855-3","10.1109/AiDAS63860.2024.10729964","","https://ieeexplore.ieee.org/stamp/stamp.jsp?arnumber=10729964","crop diseases and pests;convolutional neural network;ResNet network;Inception structure","Training;Accuracy;Transfer learning;Crops;Production;Feature extraction;Stability analysis;Diseases;Testing;Residual neural networks","","1","","18","IEEE","30 Oct 2024","3-4 Sept. 2024","3-4 Sept. 2024","IEEE","IEEE Conferences"
"Paddy Pest Classification Using Deep Learning Based Features","A. P. P; S. E. N","Department of Electronics and communication, Government Engineering College, Thrissur Ramavarmapuram, Kerala, India; Department of Electronics and communication, Government Engineering College, Thrissur Ramavarmapuram, Kerala, India",2022 Second International Conference on Next Generation Intelligent Systems (ICNGIS),"30 Mar 2023","2022","","","1","5","The agricultural sector has immense potential in day to day world to improve the requirements and supplies of healthy and nutritious food. Insect pest attacks are the major threats faced by farmers during cultivation and so pest identification is of utter importance in terms of productivity and quality. Pest identification is a difficult task for farmers and it creates severe damage to the yield of crops as well as degradation in the quality of the products. The insect pest attack should also be recognized in the initial state of invasion to avoid spreading. Conventional methods such as naked-eye detection are nonefficient and time-consuming and are difficult in large crop cultivation. This project aims in developing an automated pest classification system using deep learning strategies. Input data is augmented and preprocessed using histogram equalization. Deep learning is used for feature extraction and features are provided to conventional classifiers such as Support Vector Machine(SVM), Naive Bayes(NB), Random Forest(RF), and Logistic Regression(LR). SVM has achieved a better classification accuracy of 97% compared to other algorithms.","","978-1-6654-6792-6","10.1109/ICNGIS54955.2022.10079825","","https://ieeexplore.ieee.org/stamp/stamp.jsp?arnumber=10079825","Deep learning;Convolutional Neural Network","Deep learning;Productivity;Insects;Neural networks;Crops;Support vector machine classification;Feature extraction","","3","","8","IEEE","30 Mar 2023","29-31 July 2022","29-31 July 2022","IEEE","IEEE Conferences"
"Pest-YOLO: Deep Image Mining and Multi-Feature Fusion for Real-Time Agriculture Pest Detection","Z. Tang; Z. Chen; F. Qi; L. Zhang; S. Chen","School of Computer Science and Engineering, Central South University, Changsha, China; School of Computer Science and Engineering, Central South University, Changsha, China; School of Computer Science and Engineering, Central South University, Changsha, China; School of Computer Science and Engineering, Central South University, Changsha, China; School of Computer Science and Cyber Engineering, Guangzhou University, Guangzhou, China",2021 IEEE International Conference on Data Mining (ICDM),"24 Jan 2022","2021","","","1348","1353","The frequent outbreaks of agriculture pests have caused heavy losses in crop production. And the small size and high similarity of agricultural pests bring challenges to the prompt and accurate pest detection using imaging technologies. The key impetus of this paper is to achieve a good balance between efficiency and accuracy for pest detection on the basis of agricultural image data mining. This paper proposes Pest-YOLO which is a real-time agriculture pest detection method based on the improved convolutional neural network (CNN) and YOLOv4. First, a squeeze-and-excitation attention mechanism module is introduced to CNN for mining image data, extracting key features, and suppressing unrelated features. Then, a cross-stage multi-feature fusion method is designed to improve the structure of feature pyramid network and path aggregation network, thus enhancing the feature expressiveness of small targets like pests. Finally, our Pest-YOLO realizes end-to-end real-time pest detection with high accuracy based on improved CNN and YOLOv4. We evaluate the performance of our method on a typical large-scale pest dataset including 28k images and 24 classes. Experimental results demonstrate that our method outperforms the state-of-the-art solutions including Faster R-CNN and YOLO-based detectors, and achieves good performance with 71.6% mAP and 83.5% Recall. The proposed method is effective and applicable for accurate and real-time intelligent pest detection without expertise feature engineering.","2374-8486","978-1-6654-2398-4","10.1109/ICDM51629.2021.00169","National Natural Science Foundation of China; ","https://ieeexplore.ieee.org/stamp/stamp.jsp?arnumber=9679180","Agricultural pest detection;Attention mechanism;Cross-stage feature fusion;Deep image mining","Conferences;Imaging;Crops;Production;Detectors;Feature extraction;Real-time systems","","33","","16","IEEE","24 Jan 2022","7-10 Dec. 2021","7-10 Dec. 2021","IEEE","IEEE Conferences"
"Algorithm for Crop Pest and Disease Recognition Based on Residual Network","J. Feng; X. Chen; D. Fu; Q. Liu","Software Engineering Institute of Guangzhou, Guangzhou, Guangdong, China; Software Engineering Institute of Guangzhou, Guangzhou, Guangdong, China; Software Engineering Institute of Guangzhou, Guangzhou, Guangdong, China; Software Engineering Institute of Guangzhou, Guangzhou, Guangdong, China",2023 5th International Academic Exchange Conference on Science and Technology Innovation (IAECST),"25 Apr 2024","2023","","","558","561","Considering the current mainstream convolutional neural network depth is now deeper and problems like many parameters, network degradation. This paper proposes a plant pest and disease detection model (FSCNN) based on residual networks. The model combines the improved residual network with the Batch Normalization (BN) technique, which improves the relationship between image features and pest categories, enhances the model learning ability and accelerates the network convergence speed. At the same time, a Dropout layer is added to prevent model overfitting and improve model generalization ability. The experimental results show that the recognition accuracy of the model reaches 98.64% on the PlantVillage dataset, and the method proposed in this paper features fast convergence speed and high recognition accuracy.","","979-8-3503-5773-8","10.1109/IAECST60924.2023.10503050","","https://ieeexplore.ieee.org/stamp/stamp.jsp?arnumber=10503050","Batch Normalization;Convolutional Neural Network;Residual Connection;Image Classification","Degradation;Technological innovation;Production;Robustness;Power capacitors;Convolutional neural networks;Diseases","","","","12","IEEE","25 Apr 2024","8-10 Dec. 2023","8-10 Dec. 2023","IEEE","IEEE Conferences"
"Using HOG Descriptors and UAV for Crop Pest Monitoring","H. Chu; D. Zhang; Y. Shao; Z. Chang; Y. Guo; N. Zhang","School of Information Engineering, Southwest University of Science and Technology, Mianyang, Sichuan, China; School of Information Engineering, Southwest University of Science and Technology, Mianyang, Sichuan, China; School of Information Engineering, Southwest University of Science and Technology, Mianyang, Sichuan, China; School of Information Engineering, Southwest University of Science and Technology, Mianyang, Sichuan, China; School of Information Engineering, Southwest University of Science and Technology, Mianyang, Sichuan, China; School of Information Engineering, Southwest University of Science and Technology, Mianyang, Sichuan, China",2018 Chinese Automation Congress (CAC),"24 Jan 2019","2018","","","1516","1519","One of the major agricultural disasters, which depressed crop production and lower-quality, is pest in China. The lack of technical and scientific knowledge to prevent pest diseases is the main reason for low productivity of these crop commodities. Traditional methods based on artificial judgment have the disadvantages of large workload, low efficiency, poor working environment, and caused damage to crops. In response to the above problems, a HOG + SVM-based crop pest monitoring drone (PM-VAV) system was proposed, which utilizes computer vision combined with the flexibility of the drone for non-contact measurement. Firstly, the real aircraft working platform of this PM-UAV system was constructed. Then, through self-built data sets satisfy the requirements of the model training for pest detection task. Secondly, the on-line monitoring task of crop pests was accomplished through the use of the Histogram of Oriented Gradient (HOG) feature and Support Vector Machine (SVM) classifier, the algorithm was ported to the airborne embedded platform NVIDIA TK1. Finally, experimental tests show that the designed monitoring aircraft can effectively implement on-line monitoring for the crop pest which contained in the self-built data set.","","978-1-7281-1312-8","10.1109/CAC.2018.8623234","","https://ieeexplore.ieee.org/stamp/stamp.jsp?arnumber=8623234","pest monitoring;HOG descriptors;SVM;visual inspection;UAV","Feature extraction;Monitoring;Agriculture;Support vector machines;Visualization;Histograms;Inspection","","16","","14","IEEE","24 Jan 2019","30 Nov.-2 Dec. 2018","30 Nov.-2 Dec. 2018","IEEE","IEEE Conferences"
"Agrihelp: A Unified AI-Driven Platform for Precision Agriculture and Sustainable Farming","V. Ambhore; P. N. Gadkar; E. Govardhan; R. Raut","Information Technology, Pimpri Chinchwad College of Engineering, Pune, India; Information Technology, Pimpri Chinchwad College of Engineering, Pune, India; Information Technology, Pimpri Chinchwad College of Engineering, Pune, India; Information Technology, Pimpri Chinchwad College of Engineering, Pune, India",2025 Second International Conference on Cognitive Robotics and Intelligent Systems (ICC - ROBINS),"29 Jul 2025","2025","","","716","716","The integration of Machine Learning (ML) into agricultural decision-making systems holds immense potential to address critical challenges such as crop yield optimization, resource management, and pest/disease control. This research presents AgriHelp, a unified web-based platform incorporating four distinct ML models for crop recommendation, fertilizer recommendation, plant disease classification, and insect pest detection. The system processes both tabular data (soil properties, weather conditions) and image inputs (leaf/pest images) to deliver actionable insights for farmers. For crop and fertilizer recommendations, the Random Forest classifier achieves 99.6% and 99.94% accuracies respectively, by analysing soil nutrients, pH, and climatic variables. Disease and pest detection models utilize transfer learning of ResNet50v2 and transfer learning of MobileNetv2, that achieve 94.53% and 96.03% accuracies respectively. The scalable backend architecture employs APIs and cloud-hosted models, ensuring accessibility in resource-constrained regions. By unifying fragmented agricultural decision tools into a single platform, AgriHelp addresses the limitations of isolated systems and empowers farmers with data-driven precision agriculture tools. Experimental validation demonstrates robustness across diverse agro climatic conditions, highlighting its potential to transform modern agriculture.","","979-8-3315-0172-3","10.1109/ICC-ROBINS64345.2025.11086328","","https://ieeexplore.ieee.org/stamp/stamp.jsp?arnumber=11086328","Crop disease detection;Pest detection;precision;recall;Transfer learning","Precision agriculture;Plant diseases;Accuracy;Transfer learning;Decision making;Transforms;Robustness;Random forests;Fertilizers;Farming","","","","12","IEEE","29 Jul 2025","25-26 June 2025","25-26 June 2025","IEEE","IEEE Conferences"
"Autonomous Bat Echolocation Monitoring System with Machine Learning for Real-Time Pest and Biodiversity Management","L. Lang; A. Corceiro; R. Antunes; M. L. De Aguiar; P. Alves; M. Agostinho; N. Pereira; C. Lopes; P. D. Gaspar","C-MAST - Centre for Mechanical and Aerospace Science and Technologies, University of Beira Interior, Covilhã, Portugal; C-MAST - Centre for Mechanical and Aerospace Science and Technologies, University of Beira Interior, Covilhã, Portugal; C-MAST - Centre for Mechanical and Aerospace Science and Technologies, University of Beira Interior, Covilhã, Portugal; C-MAST - Centre for Mechanical and Aerospace Science and Technologies, University of Beira Interior, Covilhã, Portugal; Plecotus – Estudos Ambientais, Unip. Lda, Pombal, Portugal; Sinergiae Ambiente Coimbra, Portugal; C-MAST - Centre for Mechanical and Aerospace Science and Technologies, University of Beira Interior, Covilhã, Portugal; TERRA - Sustainable Land Use and Ecosystem Services, LEAF–Linking Landscape, Environment, Agriculture and Food, School of Agriculture, University of Lisbon, Lisbon, Portugal; C-MAST - Centre for Mechanical and Aerospace Science and Technologies, University of Beira Interior, Covilhã, Portugal",2024 International Conference on Decision Aid Sciences and Applications (DASA),"17 Jan 2025","2024","","","1","5","The preservation of biodiversity and the mitigation of agricultural pests are crucial components of sustainable agriculture. This study presents the Autonomous Bat Echolocation (ABE) Monitoring System, a sustainable approach to biodiversity preservation and pest control in agriculture. The system combines auditory sensors, low-power devices, and deep learning algorithms to monitor bat activity by detecting and classifying species based on their echolocation calls. The integration of the BatDetect2 model allowed real-time processing on low-power devices within our monitoring stations, enabling efficient and continuous monitoring of bat activity. By establishing a network of these stations, the system provides real-time detection as an early warning for potential pest infestations in agricultural fields. Overall, the ABE Monitoring System is a scalable, eco-friendly tool that helps in biodiversity monitoring and supports sustainable agricultural practices, aiding farmers in pest prediction and management.","","979-8-3503-6910-6","10.1109/DASA63652.2024.10836283","","https://ieeexplore.ieee.org/stamp/stamp.jsp?arnumber=10836283","bats echolocation;machine learning;deep learning;sustainable agriculture;autonomous bat echolocation monitoring system;environmental monitoring;biodiversity","Biological system modeling;Pest control;Real-time systems;Data models;Agriculture;Sensor systems;Sensors;Biodiversity;Biomedical monitoring;Monitoring","","","","23","IEEE","17 Jan 2025","11-12 Dec. 2024","11-12 Dec. 2024","IEEE","IEEE Conferences"
"Deep Learning Based Beetle Insect Detection for Agricultural Monitoring Following Industry-Grade Best Practices","S. Mazumdar; S. Banerjee; S. Vollala; T. Bhattacharjee; T. K. Bera","Department of CSE, IIITNR, Raipur, India; Department of ECE, IIITNR, Raipur, India; Department of CSE, IIITNR, Raipur, India; Department of DSAI, IIITNR, Raipur, India; Department of EE, NIT Durgapur, Durgapur, India","2025 International Conference on Intelligent Computing, Information and Control Systems (ICOIICS)","24 Feb 2026","2025","","","1600","1605","The management of pests is essential to the health and productivity of agricultural crops. Pests represent many species that can cause economic harm to crops, but beetles, of which there are many different species, can be particularly damaging due to their potential to harm a wide variety of crops. This research focuses on the challenge of managing beetle pests through an automated classification system built on computer vision. We investigated a dataset that contains images of $\mathbf{5 8}$ species of beetles. Each species had a set of 200 images of high quality for adequate coverage and variability. We developed and trained a convolutional neural network (CNN) model on this dataset to produce an accuracy of 93% in classifying the 58 beetle species. Applying this technology in agriculture offers the opportunity to reduce damage to crops, increase yield, and contribute to sustainable forms of agriculture. Based on our study findings, computer vision has the potential to enhance agricultural pest management and can be a useful tool for both farmers and researchers.","","979-8-3315-9897-6","10.1109/ICOIICS67115.2025.11390645","","https://ieeexplore.ieee.org/stamp/stamp.jsp?arnumber=11390645","","Deep learning;Computer vision;Accuracy;Crops;Agriculture;Real-time systems;Convolutional neural networks;Sustainable development;Monitoring;Resilience","","","","23","IEEE","24 Feb 2026","19-21 Nov. 2025","19-21 Nov. 2025","IEEE","IEEE Conferences"
"Research on Crop Disease and Pest Surveillance based on Big Data and Image Processing Technologies","Y. Yang; Y. Yang; H. Shu; C. Zhao; S. Deng","College of Computer and Artificial Intelligence(Software College), Huaihua University, Huaihua, China; College of Computer and Artificial Intelligence(Software College), Huaihua University, Huaihua, China; College of Computer and Artificial Intelligence(Software College), Huaihua University, Huaihua, China; College of Computer and Artificial Intelligence(Software College), Huaihua University, Huaihua, China; College of Computer and Artificial Intelligence(Software College), Huaihua University, Huaihua, China","2024 International Conference on Information Technology, Comunication Ecosystem and Management (ITCEM)","27 Mar 2025","2024","","","243","248","Recently, with the increasing complexity of agricultural systems and climate change, agricultural pest and disease surveillance and early detection have become critical tasks for guaranteeing food stability and promoting sustainable farming growth. Agricultural pest and disease surveillance is a key component of agricultural production, directly affecting crop yield and quality. As big data advances and image processing technologies rapidly, their application in crop pest and disease surveillance has become increasingly widespread. By integrating multi-source data, such as remote sensing data, meteorological data, ecological data, and pest and disease survey data, researchers can build more accurate and efficient pest and disease surveillance models. This paper reviews the research progress of big data and image processing technologies in crop pest and disease surveillance, analyzes the advantages and challenges of current technologies, and proposes future research directions to enhance the automation and intelligence of systems. Additionally, it discusses the integration of deep learning and other techniques to achieve efficient information mining and accurate retrieval of disaster-related data, aiming to provide scientific guidance and technical support for agricultural production.","","979-8-3315-4269-6","10.1109/ITCEM65710.2024.00052","Health; ","https://ieeexplore.ieee.org/stamp/stamp.jsp?arnumber=10936782","Big Data Analysis;Image Processing Technology;Pest and Disease Detection","Crops;Plant diseases;Climate change;Pest control;Agriculture;Big Data;Surveillance;Image processing","","","","8","IEEE","27 Mar 2025","20-22 Dec. 2024","20-22 Dec. 2024","IEEE","IEEE Conferences"
"JutePest-YOLO: A Deep Learning Network for Jute Pest Identification and Detection","S. Zhang; H. Wang; C. Zhang; Z. Liu; Y. Jiang; L. Yu","School of Mathematics and Computer, Wuhan Polytechnic University, Wuhan, China; School of Mathematics and Computer, Wuhan Polytechnic University, Wuhan, China; School of Electrical and Electronic Engineering, Wuhan Polytechnic University, Wuhan, China; School of Mathematics and Computer, Wuhan Polytechnic University, Wuhan, China; School of Mathematics and Computer, Wuhan Polytechnic University, Wuhan, China; School of Mathematics and Computer, Wuhan Polytechnic University, Wuhan, China",IEEE Access,"27 May 2024","2024","12","","72938","72956","In recent years, jute, as an important natural fiber crop, has become more and more significant in the production process of insect pests, causing serious harm to agricultural production. Especially in the field of crop pest identification with complex backgrounds, fuzzy features, and multiple small targets, the lack of datasets specifically for jute pests has led to the large limitations of traditional pest identification models in terms of generalization. At the same time, the research on models specifically for jute pest detection is still in its infancy. To solve this problem, we constructed a large-scale image dataset containing nine types of jute pests, which was highly targeted and could effectively support model training and evaluation. In this study, we developed a deep convolutional neural network model based on YOLOv7, namely JutePest-YOLO. The model has optimized the Backbone, Head, and loss functions of the baseline model, and introduced the new ELAN-P module and P6 detection layer, which effectively improved the model’s ability to identify jute pests in complex backgrounds. The experimental results showed that compared with the baseline model, the Precision, Recall, and F1 scores of the JutePest-YOLO model were improved by 3.45%, 1.76%, and 2.58%, respectively; the mAP@0.5 and mAP@0.5:0.95 was improved by 2.24% and 3.25%, and the overall model’s computation (GFLOPS) was reduced by 16.05%. Compared to other advanced methods such as YOLOv8s, JutePest-YOLO has achieved superior performance in terms of detection accuracy, with a precision of 98.7% and mAP@0.5 reaching 95.68%. As a result, JutePest-YOLO not only achieved significant improvement in recognition accuracy but also optimized computational efficiency. It’s a high-performance, lightweight solution for jute pest detection.","2169-3536","","10.1109/ACCESS.2024.3403491","Key Project of the Scientific Research Program of the Hubei Provincial Department of Education(grant numbers:D20201601); Major Technical Innovation Projects of Hubei Province(grant numbers:2018ABA099); Hubei Provincial Key Laboratory of Intelligent Robot(grant numbers:HBIR202101); ","https://ieeexplore.ieee.org/stamp/stamp.jsp?arnumber=10535191","Jute pest detection;YOLOv7;PConv;wise-IoU;object detection;deep learning","Feature extraction;Production;YOLO;Target recognition;Diseases;Crops;Computational modeling;Pest control;Deep learning","","21","","34","CCBYNCND","20 May 2024","2024","","IEEE","IEEE Journals"
"The Study of Traditional Pest Image Recognition and Deep Learning Pest Image Recognition","C. You","Eleanor Roosevelt High School, California, US","2023 2nd International Conference on Data Analytics, Computing and Artificial Intelligence (ICDACAI)","21 Dec 2023","2023","","","604","607","Plant pests have been a serious hazard for agricultural development and have caused great economic losses to farmers. The pests not only spread plant diseases at the same time by directly causing serious crop losses in addition to the pests. They are not only large in number, but also have very complex species, growth cycles, and metamorphosis processes, which are very difficult for farmers to deal with. In recent years, based on the development of digital image processing, plant pest identification techniques can be applied to pest detection for identification and analysis. This paper introduces several common identification methods, compares traditional pest identification methods and deep learning-based pest identification methods. The traditional pest identification methods mainly focus on the digital image processing technology or machine learning algorithms without considering neural networks. In contrast, the deep learning-based methods are mainly related to the implementation of neural networks e.g. Convolutional Neural Networks. Lastly, this study compares the accuracy of existing research, and discusses future research trends and directions.","","979-8-3503-3976-5","10.1109/ICDACAI59742.2023.00120","","https://ieeexplore.ieee.org/stamp/stamp.jsp?arnumber=10361063","Agricultural pest identification;Deep learning;Image recognition;YOLOv5m","Deep learning;Learning systems;Plant diseases;Image recognition;Machine learning algorithms;Plants (biology);Digital images","","6","","12","IEEE","21 Dec 2023","17-19 Oct. 2023","17-19 Oct. 2023","IEEE","IEEE Conferences"
"11 Artificial intelligence for plant disease detection: past, present, and future","J. H. Kamdar; M. D. Jasani; J. D. Jasani; J. Praba; J. J. Georrge",NA; NA; NA; NA; NA,Internet of Things and Machine Learning in Agriculture: Technological Impacts and Challenges,"","2021","","","223","238","This chapter presents a discursive literature survey on the applications of artificial intelligence (AI) techniques in plant disease detection. The agriculture field faces many problems from cultivating to harvesting. Major concerns are various disease infections. This leads to severe yield loss with environmental hazards due to extreme usage of insecticides. With insane expansion of human population, the demand for food is incessantly surging. Conventional techniques used by farmers are not only adequate to satisfy the augmenting demand but also hamper the soil by intense use of hazardous pesticides. Besides, conventional techniques, AI gives many advantages in disease detection. In 1983, computer application was used to solve a problem in agriculture for the first time. Since then, numerous approaches have been designed to figure out a large number of problems in the field of agriculture. Furthermore, many databases and decision support systems have been developed. Out of these, AI techniques have been conveyed to deliver results with better accuracy and robustness. In addition, it enabled researchers to detect the complicated details of each condition and offer a solution that could be a perfect fit for the respective problem. Different AI techniques like convolutional neural network, artificial neural network, and deep learning have been successfully used for disease detection in rice, wheat, maize, cotton, tomato, peas, potato, cucumber, cassava, berries, peach, grapes, olives, mango, banana, apple, sweet paper, tea, and so on. This chapter discusses various AI techniques that were developed and used in agriculture for plant disease detection and discourses in its future to achieve precision in farming.","","9783110691283","","","https://ieeexplore.ieee.org/xpl/ebooks/bookPdfWithBanner.jsp?fileName=10788851.pdf&bkn=10783707&pdfType=chapter","","Plant diseases;Artificial intelligence;Agriculture;Convolutional neural networks;Computer viruses;Bacteria;Image segmentation;Feature extraction;Crops;Robustness","","","","","","16 Jan 2025","","","De Gruyter","De Gruyter eBook Chapters"
"Identification of the pest corn borer in a cornfield based on YOLOv8","Z. Cairang; Z. Du; J. Zhang; M. Huang; J. Liu; C. Yang","College of Electrical Engineering, Northwest Minzu University, Lanzhou, China; College of Electrical Engineering, Northwest Minzu University, Lanzhou, China; College of Electrical Engineering, Northwest Minzu University, Lanzhou, China; College of Electrical Engineering, Northwest Minzu University, Lanzhou, China; College of Electrical Engineering, Northwest Minzu University, Lanzhou, China; College of Electrical Engineering, Northwest Minzu University, Lanzhou, China",2025 IEEE 5th International Conference on Data Science and Computer Application (ICDSCA),"29 Jan 2026","2025","","","269","273","The corn borer poses a significant threat to corn production, necessitating efficient and accurate detection methods. While deep learning models like YOLO have shown promise in agricultural pest detection, their performance in identifying pests with complex polymorphism, such as the corn borer across its various life stages, remains challenging. To address this, this paper proposes an enhanced YOLOv8 model by integrating the SEAttention mechanism into the backbone network to strengthen feature representation. We constructed a dedicated dataset containing 4,538 images encompassing multiple growth stages of the corn borer (adult, larva, egg, pupa) and other common pests. Comprehensive experiments demonstrate that our improved model achieves a mean Average Precision (mAP@0.5) of 78.0%, outperforming the baseline YOLOv8 by 4.3% and exhibiting superior performance compared to YOLOv11. Furthermore, we developed a practical, lightweight detection system with a user-friendly interface, supporting image, video, and real-time camera input. The system validates the model's robustness and practicality in complex environments, providing a valuable tool for intelligent agricultural pest monitoring.","","979-8-3315-9904-1","10.1109/ICDSCA67083.2025.11349992","","https://ieeexplore.ieee.org/stamp/stamp.jsp?arnumber=11349992","Corn Borer Detection;YOLOv8;Attention Mechanism;SEAttention;Precision Agriculture;Computer Vision","Deep learning;YOLO;Precision agriculture;Adaptation models;Accuracy;Production;Cameras;Real-time systems;Robustness;Videos","","","","10","IEEE","29 Jan 2026","29-31 Oct. 2025","29-31 Oct. 2025","IEEE","IEEE Conferences"
"Aphid-YOLO: A Lightweight Detection Model for Real-Time Identification and Counting of Aphids in Complex Field Environments","Y. Zheng; J. Qi; Y. Yang; P. Yang; Z. Yuan","School of Software, Yunnan University of China, Kunming, China; Department of Computing, Xi’an Jiaotong Liverpool University, Suzhou, China; School of Software, Yunnan University of China, Kunming, China; School of Computer Science, University of Sheffield, Sheffield, U.K.; School of Computer Science, University of Sheffield, Sheffield, U.K.",IEEE Transactions on AgriFood Electronics,"9 Oct 2025","2025","3","2","605","614","Aphids are among the most destructive pests that threaten global crop yields, harming crops through feeding and virus transmission. Accurate detection of aphids in fields is a crucial step in implementing sustainable agricultural pest management. However, the tiny size of aphids and the complex image background present significant challenges for accurate identification and classification for in-field detection. In response to the challenges, this study proposes a lightweight real-time object detection model, Aphid-YOLO (A-YOLO), for in-field aphid identification and counting. Specifically, a tiny path aggregation network with C2f-CG modules is proposed to enhance the detection ability of tiny objects while maintaining a low computational cost through efficiently fusing multilayer features. For model training, a normalized Wasserstein distance loss function is adopted to address the optimization challenges caused by the tiny size of aphids. In addition, an optimized data augmentation method, Mosaic9, is introduced to enrich training samples and positive supervised signals for addressing the classification challenge of tiny aphids. To validate the effectiveness of A-YOLO, this study conducts comprehensive experiments on an aphid detection dataset with images collected by hand-held devices from a complex field environment. Experimental results demonstrate that A-YOLO achieves outstanding detection efficiency, with an mAP@0.5 of 83.4%, an mAP@0.5:0.95 of 33.7%, an inference speed of 72 FPS, and a model size of 30.6 MB. Compared to the YOLOv8m model employing traditional Mosaic data augmentation, the proposed method improves mAP@0.5 by 5.8%, mAP@0.5:0.95 by 2.7%, increases inference speed by 5 FPS, and reduces model size by 38.4% .","2771-9529","","10.1109/TAFE.2025.3600008","","https://ieeexplore.ieee.org/stamp/stamp.jsp?arnumber=11151220","Aphid detection;deep learning;lightweight;tiny object detection;you only look once (YOLO)v8","Accuracy;Training;Feature extraction;Computational modeling;Data models;Data augmentation;Semantics;Real-time systems;YOLO;Deep learning;Object detection;Pest control","","5","","34","IEEE","4 Sep 2025","Sept.-Oct. 2025","","IEEE","IEEE Journals"
"Design and Implementation of an Intelligent Agricultural Pest and Disease Identification System Based on EfficientNetV2 and Edge Computing","H. Zhang; J. Zhou; Y. Zhang; L. Feng; K. Wang","School of Information Engineering, Wuhan University of Technology, Wuhan, China; School of Information Engineering, Wuhan University of Technology, Wuhan, China; School of Information Engineering, Wuhan University of Technology, Wuhan, China; School of Information Engineering, Wuhan University of Technology, Wuhan, China; School of Information Engineering, Wuhan Huaxia Institute of Technology, Wuhan, China",2025 IEEE 8th International Conference on Information Systems and Computer Aided Education (ICISCAE),"30 Dec 2025","2025","","","868","872","Global agriculture is currently confronted with increasingly severe production and environmental challenges, while traditional pest and disease identification methodspredominantly reliant on expert experience-often lack efficiency and precision. To address this concern, this study presents the design and implementation of an intelligent agricultural pest and disease identification system that integrates EfficientNetV2 with edge computing. Methodologically, a lightweight deep learning model is deployed at the edge to perform image recognition and inference, and a tiered architecture in conjunction with secure communication protocols ensures efficient data transmission and dynamic optimization. The experimental results indicate that the system maintains a high identification rate and low latency under resource-constrained conditions, while significantly reducing both data transfer overhead and cloud-side computational demands. Compared with conventional approaches, this framework demonstrates enhanced processing speed, scalability, and adaptability to diverse crops and environmental conditions, thereby providing a robust foundation for large-scale agricultural deployment and challenging climatic scenarios. Furthermore, it offers valuable insights for expanding the application domains of intelligent agriculture.","2770-663X","979-8-3315-2689-4","10.1109/ICISCAE66104.2025.11307407","","https://ieeexplore.ieee.org/stamp/stamp.jsp?arnumber=11307407","Intelligent Agriculture;Edge Computing;EfficientNetV2;Pest and Disease Identification;Image Recognition Model Optimization","Smart agriculture;Computational modeling;Image edge detection;Crops;Computer architecture;Data models;Low latency communication;Optimization;Diseases;Edge computing","","","","5","IEEE","30 Dec 2025","27-29 Sept. 2025","27-29 Sept. 2025","IEEE","IEEE Conferences"
"Research on the Application of Convolutional Neural Network Based on YOLO Algorithm in Pest Small Target Detection","G. Kang; L. Hou; Z. Zhao; B. Lang","School of Electrical and Information Engineering, Jilin Agricultural Science and Technology University Jilin, Jilin, China; School of Electrical and Information Engineering, Jilin Agricultural Science and Technology University Jilin, Jilin, China; School of Electrical and Information Engineering, Jilin Agricultural Science and Technology University Jilin, Jilin, China; School of Electrical and Information Engineering, Jilin Agricultural Science and Technology University Jilin, Jilin, China",2023 3rd Asia-Pacific Conference on Communications Technology and Computer Science (ACCTCS),"9 Jun 2023","2023","","","131","135","In agricultural science, preventing and controlling diseases and insect pests is a key research topic. Information technology has been applied to pest detection and identification. In crop pest research, neural networks can improve accuracy and efficiency by applying image recognition and classification technology. The small size of the pests in the disease pictures makes them easy to detect. The pest small target data set is constructed in this paper to train small target detection networks. A convolutional neural network based on the YOLO algorithm was proposed to detect small targets, such as pests, with few features. This paper also proposes a mosaic-based data enhancement method, label smoothing processing, and a backbone network improvement idea to improve the detection efficiency of the YOLOv5 model.","","979-8-3503-1080-1","10.1109/ACCTCS58815.2023.00074","","https://ieeexplore.ieee.org/stamp/stamp.jsp?arnumber=10145355","YOLO;Convolutional neural network;Pest detection;Small target detection","Training;Smoothing methods;Splicing;Insects;Neural networks;Object detection;Libraries","","4","","6","IEEE","9 Jun 2023","25-27 Feb. 2023","25-27 Feb. 2023","IEEE","IEEE Conferences"
"Pest Detection using Machine Learning","S. S; C. R. Rathish; Y. K. M; S. R; S. R. K; E. Vanaja","Department of Information Science and Engineering, New Horizon College of Engineering, Bangalore, India; Department of Computer Engineering, New Horizon College of Engineering, Bangalore, India; Department of Information Science and Engineering, New Horizon College of Engineering, Bangalore, India; Department of Information Science and Engineering, New Horizon College of Engineering, Bangalore, India; Department of Computer Engineering, New Horizon College of Engineering, Bangalore, India; Department of Computer Engineering, New Horizon College of Engineering, Bangalore, India",2024 International Conference on Cognitive Robotics and Intelligent Systems (ICC - ROBINS),"21 May 2024","2024","","","87","91","Effective disease and pest management is critical for improving crop production and quality. However, the existing disease identification techniques pose challenges to conduct precise research and analysis on time. This study proposes a novel crop pest identification approach by utilizing a multilayer network model. For comprehensive recognition and analysis, a specialized model for pest image recognition and analysis is proposed by integrating a Convolutional Neural Network (CNN) with a VGG19 transfer learning network. In the initial stage, a robust sample dataset is established for the recognition model through image data augmentation and the application of diverse operations. The proposed technique undergoes simulation analysis by using an open-source dataset. The experimental results reveal that the suggested pest recognition model attains a commendable accuracy rate of 85%. This approach holds the potential in addressing the limitations of existing methods and fostering more effective pest management strategies for achieving improved crop outcomes.","","979-8-3503-7274-8","10.1109/ICC-ROBINS60238.2024.10533899","","https://ieeexplore.ieee.org/stamp/stamp.jsp?arnumber=10533899","Object Detection;Computer Vision;Pesticides;VGG19;CNN","Image recognition;Transfer learning;Crops;Production;Nonhomogeneous media;Data augmentation;Data models","","3","","16","IEEE","21 May 2024","17-19 April 2024","17-19 April 2024","IEEE","IEEE Conferences"
"Automatic Insect Pest Identification and Recognition for Paddy Crops Pest Control","M. R. Bhuiyan; M. B. Islam; J. Abdullah; F. Badie; G. Napolitano","Faculty of Computer Science & Informatics, Berlin School of Business and Innovation (BSBI), Berlin, Germany; Department of CSE, Florida Gulf Coast University, Florida, USA; Faculty of Computer Science & Informatics, Multimedia University, Cyberjaya, Malaysia; Faculty of CSI, Berlin School of Business and Innovation (BSBI), Berlin, Germany; Faculty of CSI, Berlin School of Business and Innovation (BSBI), Berlin, Germany","2025 Fourteenth International Conference on Image Processing, Theory, Tools & Applications (IPTA)","10 Nov 2025","2025","","","1","6","Agriculture is one of the main economic pursuits of the 64 Bangladeshi districts.: in Bangladesh, about seventy percent of the workforce rely on agriculture for their living. Bangladesh's gross national revenue is much enhanced by the country's rice farming but attacks of insect pests have a great impact on rice harvests. Different insect pests require different management measures, so the accurate identification of paddy field insects is a crucial task that allows, e.g., the application of the appropriate poison for specific insect pests. This will also prevent the wasteful use of ineffective insecticides. The main challenge addressed in this work is to detect and instantly segment small harmful insects in paddy fields. To address this problem, we have used deep convolutional neural network (DCNN) learning, based on Mask-RCNN, therefore enabling a technique for visual localisation and classification of agricultural pest insects. We have also developed our own dataset of harmful insect annotated images. In the proposed Mask-RCNN model we used a ResNet101 backbone, which can detect and segment at the same time. The proposed model achieves an AP@0.5 of 85.7%, a mAP of 63.8%, and an AR@10 of 68.5, therefore generating an anticipated accuracy of 75%. ResNet101 performs better on all measures. The suggested approach should be able to identify and classify the small harmful insects, with suitable accuracy, in real-world deployments.","2154-512X","978-1-6654-5739-2","10.1109/IPTA66025.2025.11222068","","https://ieeexplore.ieee.org/stamp/stamp.jsp?arnumber=11222068","Mask-RCNN;Insect Detection;Instant Segmentation;DCNN","YOLO;Training;Image segmentation;Visualization;Accuracy;Toxicology;Insects;Crops;Data models;Agriculture","","","","48","IEEE","10 Nov 2025","13-16 Oct. 2025","13-16 Oct. 2025","IEEE","IEEE Conferences"
"Lightweight Object Detection Model with Data Augmentation for Tiny Pest Detection","Z. Yuan; S. Li; P. Yang; Y. Li","Department of Computer Science, The University of Sheffield, Sheffield, United Kingdom; Department of Computer Science, The University of Sheffield, Sheffield, United Kingdom; Department of Computer Science, The University of Sheffield, Sheffield, United Kingdom; Research and Development Mutus-Tech Ltd, Liverpool, UK",2022 IEEE 20th International Conference on Industrial Informatics (INDIN),"15 Dec 2022","2022","","","233","238","With the increasing demand for cost-effective crop pest management solutions, how to achieve effective and efficient automatic pest detection has become the primary research problem. Traditional object detection methods that rely on the quality of handcrafted feature selection are hardly used in pest detection due to the difficulty of designing the features of multiple types of pests. The application of deep learning which presents outstanding performances in object detection tasks faces the following challenges in the field of pest detection. First, the detection difficulties caused by tiny-size pests and protective colouration limit the accuracy of detection. Second, pest detection requires the employment of experts to obtain the annotation of pests for training models, which is costly. Finally, the ability to run on lightweight devices is required due to the limitations of the field environment on networks and equipment. To solve these problems, this paper focuses on a lightweight tiny object detection model, training on limited supervised samples through different data augmentation methods. Different components of object detection models and data augmentation methods are analysed in different sizes of training datasets. Finally, a method based on the Yolo detection model is proposed for pest detection. This pest detection model is evaluated on a real-world aphids data set containing 6k objects. Five sets of data augmentation methods are used on seven sizes of training data sets for analysis. Then the structure of the detection neck of the Yolo model is analysed. Our experimental results show that 54.35% mAP can be achieved by the PAN module and removing the Mosaic data augmentation method for tiny object detection with one hundred samples.","","978-1-7281-7568-3","10.1109/INDIN51773.2022.9976137","Innovate UK; ","https://ieeexplore.ieee.org/stamp/stamp.jsp?arnumber=9976137","Pest detection;Deep learning;Data augmentation","Training;Analytical models;Annotations;Training data;Object detection;Data collection;Pest control","","11","","29","IEEE","15 Dec 2022","25-28 July 2022","25-28 July 2022","IEEE","IEEE Conferences"
"Effective Deep Learning Framework for Crop Pest Classification","S. P. S; R. A. K; V. K. S; K. P","Department of CSE, Rajalakshmi Engineering College, Chennai, India; Department of CINTEL, School of Computing SRM Institute of Science and Technology, Kattankulathur, Chennai, India; Department of CSE, Rajalakshmi Engineering College, Chennai, India; Department of CSE, Rajalakshmi Engineering College, Chennai, India",2024 Second International Conference on Advances in Information Technology (ICAIT),"4 Oct 2024","2024","1","","1","6","Pest infestations in agricultural ecosystems present considerable risks to vital crops including potatoes, rice, wheat, maize, soybeans, sugarcane and chickpeas, all of which result in considerable economic detriment. Determining the precise insect species accountable for the infestation is critical in order to efficiently mitigate these losses. Notwithstanding this, farmers frequently encounter difficulties in precisely differentiating among different species of crop insects on account of their restricted expertise and experience in the field of entomology. Advanced computer-based technologies, including as convolutional neural networks (CNNs), provide promising solutions to this critical problem. These technologies are becoming increasingly popular. CNNs are well-known for their capacity to automatically extract and learn detailed features from image data. As a result, they are ideally suited for jobs that include picture categorization. Through the utilisation of CNNs, researchers have successfully classified a large number of photos spanning a variety of fields. In our study, we offer a unique strategy for improving insect categorization reliability in agricultural contexts. Specifically, we present a hybrid BiLSTM (Bidirectional Long Short-Term Memory) network structure designed for this application. This design combines the features of a model that has been trained and a BiLSTM layer to effectively collect temporal data required for insect categorization. Our proposed model seeks to address the issues of insect identifying species in agricultural environments through integrating the strengths of CNNs with the temporal retention of memory capabilities of BiLSTM networks. Through the utilization of this hybrid architecture, we anticipate achieving superior performance in insect classification tasks compared to traditional CNN-based approaches. By leveraging temporal features alongside learned image characteristics, our model endeavors to provide farmers and agricultural stakeholders with a robust tool for accurate and timely identification of crop pests, thereby enabling proactive pest management strategies and minimizing economic losses in agricultural production.","","979-8-3503-8386-7","10.1109/ICAIT61638.2024.10690463","","https://ieeexplore.ieee.org/stamp/stamp.jsp?arnumber=10690463","Crop;Pests;Classification;LSTM;CNN;Deep Learning","Economics;Recurrent neural networks;Insects;Transfer learning;Crops;Production;Feature extraction;Stakeholders;Reliability;Long short term memory","","11","","14","IEEE","4 Oct 2024","24-27 July 2024","24-27 July 2024","IEEE","IEEE Conferences"
"AI-Driven Pest Detection in Agriculture","M. Alshinwan; G. Ahmed","Faculty Of Information Technology, Applied Science Private University, Amman, Jordan; School of Business, Skyline University College, Sharjah, UAE",2025 International Conference on Business Intelligence for Technology Innovation (ICBITI),"8 May 2026","2025","","","1","7","Precision agriculture adoption has paved the path for the usage of artificial intelligence (AI) to resolve the major difficulties that farmers face in today's world like pest control. In this paper, we specifically discuss AI-based insect recognition programs that speed up the preparation of crops to fight against pests, wastage, and excessive use of agrochemicals. Through the advancement of computer vision, machine learning, and network of sensors we can only target the needed pests, accurate and systematised, environmentally friendly, and practical insect pest management be able to go through AI-based pest detection using machine learning solutions. A comprehensive study of precise methods and tools has been conducted, with a special emphasis on practicality, significance, and versatility. On the other hand, the paper elaborates on the restrictions posed by the current AI systems, like data restrictions, overfitting the model, and interactivity between the systems, and suggests potential solutions to these problems. Also, the environmental and economic advantages of AI-based pest-detection technology can contribute to the green revolution of agriculture. This study emphasizes AI's potential as a groundbreaking technology to realize efficient and eco-friendly pest management and thus improve global food security.","","979-8-3315-3824-8","10.1109/ICBITI65527.2025.11500935","","https://ieeexplore.ieee.org/stamp/stamp.jsp?arnumber=11500935","AI-driven pest detection;Precision agriculture;Machine learning;Sustainable farming;Pest management","Artificial intelligence;Modeling;Signal detection;Internet of Things;Machine learning;Technology;Crops;Management;Agriculture;Printing","","","","19","IEEE","8 May 2026","16-18 April 2025","16-18 April 2025","IEEE","IEEE Conferences"
"Identification of Crop Pests and Diseases Using a Single Convolutional Neural Network","S. Yang","College of Liberal Arts, University of Minnesota Twin City, Minneapolis, United State","2022 IEEE Conference on Telecommunications, Optics and Computer Science (TOCS)","18 Jan 2023","2022","","","187","190","Based on the urgent need for agricultural intelligence in various northern countries, this study develops an algorithm for crop pest and disease identification based on the basic theory of convolutional neural networks (CNN). The existing related algorithms are basically based on platforms that can carry multiple cameras to work to (e.g., tractors or combine harvesters). Such algorithms are not applicable to cultivation scenarios such as terraces. Therefore, in this study, unlike other designs based on multiple nets, the learning model of this learning uses only a single net for the train dataset. The main research objective of this learning is to achieve satisfactory result using a simplified CNN model design. The main approach of this learning model is to use the convolutional layer in the model to learn the crop pest and disease features in the given images, then use the pooling layer to reduce the number of parameters, and finally use the Fully connected layer to classify them into two categories: diseased and healthy. After learning through the train dataset with a sample size of 7000, the test dataset was imported into the completed learned model for testing, and the result was an accuracy of 94.5% and a loss rate of 0.1385.","","978-1-6654-7053-7","10.1109/TOCS56154.2022.10015910","","https://ieeexplore.ieee.org/stamp/stamp.jsp?arnumber=10015910","Intelligent Agriculture;Convolutional neural networks;Computer vision","Crops;Predictive models;Agricultural machinery;User interfaces;Prediction algorithms;Telecommunications;Convolutional neural networks","","2","","13","IEEE","18 Jan 2023","11-12 Dec. 2022","11-12 Dec. 2022","IEEE","IEEE Conferences"
"Enhanced Crop Protection: Mobile-Net V2 for Pest Identification","Abhishek; S. V. Dhiman; S. Sadagopan","Department of Computaional Intelligence, SRM Insitute of Science and Technology, Chennai, India; Department of Computaional Intelligence, SRM Insitute of Science and Technology, Chennai, India; Department of Computaional Intelligence, SRM Insitute of Science and Technology, Chennai, India",2024 Control Instrumentation System Conference (CISCON),"2 Oct 2024","2024","","","1","6","This project introduces a novel crop pest classification system that harnesses the MobileNet architecture, a lightweight convolutional neural network meticulously designed for efficient inference on mobile and embedded devices. Through the utilization of deep learning techniques, our meticulously crafted model achieves an outstanding accuracy rate of 96.89% in accurately identifying and categorizing various types of crop pests, showcasing its formidable potential to revolutionize pest detection within agricultural contexts. The inherent efficiency of the MobileNet architecture renders it particularly well-suited for deployment on platforms with limited computational resources, ensuring scalability and widespread accessibility for farmers operating across diverse agricultural landscapes. Our rigorous experimentation and comprehensive evaluation further validate the robustness and efficacy of our approach, underscoring its practical utility in real-world scenarios. By simplifying and expediting the process of pest identification, our proposed system not only equips farmers with invaluable insights but also empowers them to make informed decisions promptly, thereby facilitating early interventions and enhancing overall pest management practices. This transformative technology holds promise for fostering more sustainable crop production methodologies and ultimately contributing to improved yields and global food security. In conclusion, our project represents a significant leap forward in agricultural technology, offering a cost-effective and scalable solution to the perennial challenge of pest management, while simultaneously paving the way for more resilient and sustainable agricultural systems in the future.","","979-8-3503-7548-0","10.1109/CISCON62171.2024.10696549","","https://ieeexplore.ieee.org/stamp/stamp.jsp?arnumber=10696549","CNN;Mobile-Net;Embedded Devices;pest management","Deep learning;Productivity;Accuracy;Scalability;Crops;Food security;Computer architecture;Robustness;Computational efficiency;Sustainable development","","2","","10","IEEE","2 Oct 2024","2-3 Aug. 2024","2-3 Aug. 2024","IEEE","IEEE Conferences"
"OBViT:A high-resolution remote sensing crop classification model combining OBIA and Vision Transformer","C. Luo; H. Li; J. Zhang; Y. Wang","College of Information and Electrical Engineering, China Agricultural University, Beijing, China; College of Information and Electrical Engineering, China Agricultural University, Beijing, China; College of Information and Electrical Engineering, China Agricultural University, Beijing, China; College of Information and Electrical Engineering, China Agricultural University, Beijing, China",2023 11th International Conference on Agro-Geoinformatics (Agro-Geoinformatics),"1 Sep 2023","2023","","","1","6","This study proposes a new object-based deep convolutional neural network approach, called OBViT (Object-based Vision Transformer), for crop classification tasks using high-resolution remote sensing images. Compared to traditional machine learning methods and CNN-based remote sensing image semantic segmentation models, the proposed model outperforms existing models regarding classification accuracy and model robustness. The OBViT model was applied to remote sensing crop classification tasks in the Xingren region of Guizhou, China, and its precision, recall, and f1-score reached 87.98%, 87.91%, and 86.56%, respectively. This study’s main contribution is designing a remote sensing image semantic segmentation model structure suitable for crop classification in the field by optimizing model components such as activation functions and optimizers and using a multi-scale training strategy during model training to improve performance. Specifically, the study used the SLIC algorithm to segment remote sensing images into uniformly sized superpixel objects for easier model input and performed multi-scale data augmentation on each object to increase data diversity. Additionally, the pre-trained Vision Transformer (ViT) model was used to replace the CNN module in the OBCNN model, significantly improving classification accuracy. The Mish activation function was also used instead of the GELU activation function, and the Adan optimizer was used instead of the Adam optimizer to improve semantic segmentation accuracy further. Finally, the OBViT crop classification model was trained using manually annotated remote sensing datasets. An object-based K-nearest neighbor filtering algorithm was used for post-processing to improve semantic segmentation accuracy further. Experimental results demonstrate that the OBViT model achieves good semantic segmentation performance on crop remote sensing monitoring datasets, with higher accuracy and robustness than other deep learning methods. The land cover categories in the experimental dataset were tobacco, corn, barley rice, artificial buildings, and “other’’. The study also conducted an interpretability analysis on the model, revealing that OBViT can better capture different target categories’ spatial structure and texture features. Future research can explore the use of OBViT for more complex remote sensing image data and further optimize the model structure and training strategies to improve accuracy. Additionally, OBViT can be applied to other remote sensing image semantic segmentation tasks in fields such as agricultural pest monitoring and analysis.","","979-8-3503-0351-3","10.1109/Agro-Geoinformatics59224.2023.10233321","","https://ieeexplore.ieee.org/stamp/stamp.jsp?arnumber=10233321","Remote Sensing;Transformer;Crop Classification;Convolutional Neural Network","Training;Semantic segmentation;Crops;Transformers;Robustness;Data models;Convolutional neural networks","","2","","19","IEEE","1 Sep 2023","25-28 July 2023","25-28 July 2023","IEEE","IEEE Conferences"
"An Integration Deep Learning Model for the Oil-tea Camellia Disease and Pest Recognition","F. Yang; J. Chen; F. Ren; Z. Wang; Z. Li; S. Jiang","Business school, Xiamen Institute of Technology, Xiamen, China; Department of Electronic Commerce, Xiangtan University, Xiangtan, China; Shenzhen Comtech Technology Co. LTD, Shenzhen, China; Data Science and Big Data Technology, Zhuhai College of Science and Technology, Langfang, China; Business school, Xiamen Institute of Technology, Xiamen, China; Business school, Xiamen Institute of Technology, Xiamen, China","2023 2nd International Conference on Automation, Robotics and Computer Engineering (ICARCE)","17 Apr 2024","2023","","","1","8","Oil-tea camellia is recognized as a healthy edible oil in the world. It has the functions of lowering blood pressure, lowering blood lipids and softening blood vessels, and it has high comprehensive utilization value. However, oil-tea camellia is often invaded by various disease and pest in the process of planting, which reduces its yield, how to use intelligent information technology to identify disease and pest in oil-tea camellia is of great significance. Recent developments in deep learning-based Convolutional Neural Network (CNN) have shown prominent performance in the identification of crop pests and diseases. In order to solve the problems of low precision and weak generalization ability of traditional methods for oil-tea camellia disease and pest identification, this paper introduces an efficient CNN model based on mobile terminal that accurately identifies the common types of crop pest and diseases. The strategy of two-phase transfer learning (TL) is done during the training process. And an integration deep learning model based on the lightweight convolutional network architecture, feature extraction and fusion, and model compression is developed. The proposed model exhibits promising performance in comparison to other state-of-the-art models. Notably, the model achieves an average recognition accuracy of 99.78% for Camellia Oleifera diseases. The proposed model also shows strong generalization ability, it attains an average recognition accuracy of 99.55% on the widely utilized Plant village dataset. The model achieves recognition accuracies of 68.15% and 95.09% on the open-source IP102 dataset and the Real-world dataset respectively. The experimental results conclusively affirm the feasibility and efficacy of the proposed approach for the precise identification of Camellia Oleifera diseases.","","979-8-3503-0834-1","10.1109/ICARCE59252.2024.10492594","Fundamental Research Funds for the Central Universities(grant numbers:20720181004); ","https://ieeexplore.ieee.org/stamp/stamp.jsp?arnumber=10492594","camellia disease and pest;mobile terminal;CNN;image classification;integration learning","Training;Deep learning;Convolution;Neural networks;Distributed databases;Crops;Data models","","1","","33","IEEE","17 Apr 2024","14-16 Dec. 2023","14-16 Dec. 2023","IEEE","IEEE Conferences"
"A Deep-Learning Approach for Automatic Counting of Soybean Insect Pests","E. C. Tetila; B. Brandoli Machado; G. V. Menezes; N. A. de Souza Belete; G. Astolfi; H. Pistori","Faculdade de Ciências Exatas e Tecnologia, Universidade Federal da Grande Dourados, Dourados, Brazil; Department of Computer Science, Federal University of Mato Grosso do Sul, Campo Grande, Brazil; College of Computing, Universidade Federal de Mato Grosso do Sul, Campo Grande, Brazil; Department of Production Engineering, Universidade Federal de Rondonia, Cacoal, Brazil; College of Computing, Universidade Federal de Mato Grosso do Sul, Campo Grande, Brazil; INOVISÃO, Universidade Catolica Dom Bosco, Campo Grande, Brazil",IEEE Geoscience and Remote Sensing Letters,"24 Sep 2020","2020","17","10","1837","1841","The occurrence of insect pest attacks in soybean fields has worried farmers around the world. Early and automatic diagnosis of insect pests number could assess the infestation level of each plantation area to optimize the applications of pesticides in the crop and, consequently, reduce production costs and environmental impact. Recent research on insect count has adopted deep neural networks. However, researches have employed models trained to count only one species of insect, using images captured in a controlled environment, quite different from a real scenario. In order to obtain high accuracy, we evaluated three models of convolutional neural networks (CNNs) with three different training strategies: 100% fine-tuning with the weights obtained from ImageNet, a complete network with the weights initialized randomly and transfer learning with the weights obtained from ImageNet. Data augmentation and dropout were used during network training to reduce overfitting and increase generalization of the model. Our approach consists in segmenting an image from the plantation with the simple linear iterative clustering (SLIC) method and classifying each superpixel segment into a pest insect class using the CNN-trained classification model. The pest insect count is obtained by adding the insects of each superpixel class identified by our computer vision system. The results indicate that the deep-learning models can be used successfully to support specialists and farmers in the insect pest management in soybean fields.","1558-0571","","10.1109/LGRS.2019.2954735","Scientific and Technological Development (CNPq); Coordination for the Improvement of Higher Education Personnel (CAPES); NVIDIA Corporation; Foundation to Support the Development of Teaching, Science and Technology of the state of MS (FUNDECT); ","https://ieeexplore.ieee.org/stamp/stamp.jsp?arnumber=8926371","Deep-learning;precision agriculture;soybean insect pests","Insects;Image segmentation;Training;Computer vision;Agriculture;Image color analysis;Inspection","","54","","17","IEEE","6 Dec 2019","Oct. 2020","","IEEE","IEEE Journals"
"Pest Identification and Control using Deep Learning and Augmented Reality","A. Soni; A. Khare; P. S. Darshan Balaji; S. Verma; K. P. Asha Rani; S. Gowrishankar","Department of Computer Science and Engineering, Dr. Ambedkar Institute of Technology, Bengaluru, Karnataka, India; Department of Computer Science and Engineering, Dr. Ambedkar Institute of Technology, Bengaluru, Karnataka, India; Department of Computer Science and Engineering, Dr. Ambedkar Institute of Technology, Bengaluru, Karnataka, India; Department of Computer Science and Engineering, Dr. Ambedkar Institute of Technology, Bengaluru, Karnataka, India; Department of Computer Science and Engineering, Dr. Ambedkar Institute of Technology, Bengaluru, Karnataka, India; Department of Computer Science and Engineering, Dr. Ambedkar Institute of Technology, Bengaluru, Karnataka, India",2022 International Conference on Edge Computing and Applications (ICECAA),"8 Nov 2022","2022","","","1","7","It is crucial to comprehend how insect pest populations affect the subsequent yield or harvest since the ultimate goal of agriculture is to provide a sustained economic production of crop products. Using pesticides is the simplest technique to manage the pest infestation. However, using pesticides improperly or in excess can harm both people and animals as well as the plants. Machine learning algorithms and image processing techniques are widely used in agricultural research, and they have significant potential, particularly in plant protection, which ultimately leads to crop management. This paper highlights the detection of pests and their control measures. A smartphone camera will capture photographs of the pests through a mobile app built using the Flutter framework. The images are then analyzed in the app using various transfer learning based models for available pest identification kaggle dataset. The flutter framework offers the ability to monitor targets in real-time on a mobile device and aids in visualizing the detected pest by integrating augmented reality on to the app.","","978-1-6654-8232-5","10.1109/ICECAA55415.2022.9936053","","https://ieeexplore.ieee.org/stamp/stamp.jsp?arnumber=9936053","Pest classification;Insect Detection;Augmented Reality;Image Processing;Machine Learning;Transfer Learning;Deep Learning","Temperature sensors;Temperature measurement;Visualization;Biological system modeling;Transfer learning;Crops;User experience","","11","","16","IEEE","8 Nov 2022","13-15 Oct. 2022","13-15 Oct. 2022","IEEE","IEEE Conferences"
"Implementing CNN and RF Models for Multi-Level Classification: Deciphering Beetroot Aphid Disease Severity","N. K. Ojha; D. Upadhyay; M. Manwal; V. Kukreja; R. Sharma","Computer Science and Application, IIMT University, Meerut, Uttar Pradesh, India; Computer Science and Engineering, Graphic Era Hill University, Dehradun, Uttarakhand, India; Computer Science and Engineering, Graphic Era Deemed to be University, Dehradun, Uttrakhand, India; Chitkara University Institute of Engineering and Technology, Chitkara University, Punjab, India; Chitkara University Institute of Engineering and Technology, Chitkara University, Punjab, India",2024 5th International Conference for Emerging Technology (INCET),"26 Jul 2024","2024","","","1","5","Beetroot aphid infestation is one of the most serious threats to agricultural yield and food security. In this study, we hope to use machine learning models based on Convolutional Neural Networks (CNN) and Random Forest (RF), among others, that can accurately classify the three different severity levels of beetroot aphid disease. A complete dataset was assembled, containing 14,000 images across six levels of severity, and carefully preprocessed for network training. The developed models achieved outstanding results, with an overall accuracy of 97.92 % in identifying levels of severity. The CNN, an image classification expert itself, distinguished very accurately and precisely the complex patterns in these images. Meanwhile, the RF model, using feature extraction techniques, was very accurate and there were differences between levels of severity. By comparing these models, the relative performance subtleties and possible practical applications can be seen. Both models show very high levels of accuracy, but issues resulting from practical considerations suggest that CNN should be used in scenarios where it is important to have visual clues. Meanwhile, assuming limited resources, RF may play a bigger role. These study results greatly facilitate applications of precision agriculture since they create common tools that can be used to make more timely and accurate evaluations of disease severity--information that is essential for effective crop protection plans and operations.","","979-8-3503-6115-5","10.1109/INCET61516.2024.10593519","","https://ieeexplore.ieee.org/stamp/stamp.jsp?arnumber=10593519","Beetroot aphid;Disease severity classification;Machine learning models;Convolutional Neural Network (CNN);Random Forest (RF);Agricultural pest management","Radio frequency;Precision agriculture;Visualization;Accuracy;Computational modeling;Crops;Feature extraction","","7","","15","IEEE","26 Jul 2024","24-26 May 2024","24-26 May 2024","IEEE","IEEE Conferences"
"Classifying Insect Pests from Image Data using Deep Learning","M. R. Bin Mohsin; S. A. Ramisa; M. Saad; S. H. Rabbani; S. Tamkin; F. B. Ashraf; M. T. Reza","Department of Computer Science and Engineering, Brac University, Dhaka, Bangladesh; Department of Computer Science and Engineering, Brac University, Dhaka, Bangladesh; Department of Computer Science and Engineering, Brac University, Dhaka, Bangladesh; Department of Computer Science and Engineering, Brac University, Dhaka, Bangladesh; Department of Computer Science and Engineering, Brac University, Dhaka, Bangladesh; Department of Computer Science and Engineering, Brac University, Dhaka, Bangladesh; Department of Computer Science and Engineering, Brac University, Dhaka, Bangladesh","2022 15th International Congress on Image and Signal Processing, BioMedical Engineering and Informatics (CISP-BMEI)","21 Dec 2022","2022","","","1","6","The fact that insecticidal pests impair significant agricultural productivity has become one of the main challenges in agriculture. Several prerequisites, however, exist for a high-performance automated system capable of detecting nuisance insects from massive amounts of visual data. We employed deep learning approaches to correctly identify insect species from large volumes of data in this study model and explainable AI to decide which part of the photos is used to categorize the insects from the data. We chose to deal with the large-scale IP102 dataset since we worked with a large dataset. There are almost 75,000 pictures in this collection, divided into 102 categories. We ran state-of-the-art tests on the unique IP102 data set to evaluate our proposed solution. We used five different Deep Neural Networks (DNN) models for image classification: VGG19, ResNet50, EfficientNetB5, DenseNet121, InceptionV3, and implemented the LIME-based XAI (Explainable Artificial Intelligence) framework. DenseNet121 outperformed all other networks, and we also implemented it to classify specific crop insect species. The classification accuracy ranged from 46.31 percent to 95.36 percent for eight crops. Moreover, we have compared our prediction to that of earlier articles to assess the efficacy of our research.","","978-1-6654-8887-7","10.1109/CISP-BMEI56279.2022.9979872","","https://ieeexplore.ieee.org/stamp/stamp.jsp?arnumber=9979872","IP102 dataset;Insect pest classification;Transfer learning;Data augmentation","Deep learning;Productivity;Visualization;Insects;Neural networks;Crops;Signal processing","","5","","19","IEEE","21 Dec 2022","5-7 Nov. 2022","5-7 Nov. 2022","IEEE","IEEE Conferences"
"Automated Pest Control in Agriculture Using IoT and Image Processing","N. S. Priya; H. K; H. M; H. S","Department of Computer Applications(PG), Dr. SNS Rajalakshmi College of Arts and Science, Coimbatore, Tamil Nadu, India; Department of Computer Applications(PG), Dr. SNS Rajalakshmi College of Arts and Science, Coimbatore, Tamil Nadu, India; Department of Computer Applications(PG), Dr. SNS Rajalakshmi College of Arts and Science, Coimbatore, Tamil Nadu, India; Department of Computer Applications(PG), Dr. SNS Rajalakshmi College of Arts and Science, Coimbatore, Tamil Nadu, India",2025 International Conference on Computing and Communications (COMPUTINGCON),"20 Feb 2026","2025","","","1","6","Agriculture continues to be plagued by huge challenges of pest infestation, resulting in huge yield and economic losses in the world. Common pest control methods largely rely on workers' exhaustive visual inspection and overuse of chemicals, not only rendering them ineffective but also ecologically questionable. IoT sensors and advanced image processing techniques are proposed in an automated pest control system. A Convolutional Neural Network (CNN) advanced model, which incorporates multiple techniques, was designed to identify pests in real-time images with an accuracy of 93.6%, a false positive rate of 3.2%, at a processing time of 0.9 seconds. The environmental conditions are detected through fitted wireless sensor networks and through automated actuated application of the pesticides when required. The model was evaluated using a conditioned pest data set and proofs through MATLAB-Simulink and Node-RED simulations. The findings demonstrate a robust and flexible system appropriate for precision agriculture use. This method significantly reduces labor and pesticide overspray, and improves detection accuracy and comprehensive system efficiency.","","979-8-3315-2253-7","10.1109/COMPUTINGCON64838.2025.11376717","","https://ieeexplore.ieee.org/stamp/stamp.jsp?arnumber=11376717","Wireless Sensor Network;Environmental Response Time;Autonomous Action Efficiency;Food and Agriculture Organization;Unmanned Aerial Vehicle","Image sensors;Adaptation models;Wireless sensor networks;Accuracy;Biological system modeling;Pesticides;Pest control;Mathematical models;Real-time systems;Sensors","","","","16","IEEE","20 Feb 2026","1-3 Sept. 2025","1-3 Sept. 2025","IEEE","IEEE Conferences"
"Recognizing Crop Diseases and Pests Using an Improved MobileNetV3 Model","S. Guanglei; W. Wen","School of Management Engineering, Shandong Jianzhu University Jinan, China; School of Management Engineering, Shandong Jianzhu University Jinan, China",2023 13th International Conference on Information Technology in Medicine and Education (ITME),"25 Apr 2024","2023","","","302","308","Crop diseases and pests contribute to reduced crop yields and are often difficult for humans to accurately and quickly identify. The performance of plant pathologists or farmers is heavily reliant on their experience. To address this issue, we propose a crop disease and pest recognition method using a lightweight neural network and transfer learning. First, we analyze the data distribution of the training set and use label shuffling and mixed sampling methods to balance the data. Second, we pretrain MobileNetV3 on the ImageNet dataset and transfer the parameter values to the crop disease and pest recognition model for fine-tuning. Third, we improve the activation function and loss function of MobileNetV3, resulting in the creation of MobileNetV3+. This model uses a 6-level-LeakyReLU activation function to replace the ReLU activation function of MobileNetV3, which reduces the loss of negative feature information in crop pest images and improves feature extraction integrity. Additionally, we use focal loss instead of cross-entropy loss to improve the model's ability to handle imbalanced sample distributions. Finally, we train four models (VGG16, ResNet50, MobileNetV3, and MobileNetV3+) using the same method. Experimental results show that MobileNetV3+ has the best overall pest recognition results. Our proposed method can rapidly recognize crop diseases and pests with significantly fewer model parameters and memory requirements, as experimentally verified.","2474-3828","979-8-3503-1915-6","10.1109/ITME60234.2023.00069","","https://ieeexplore.ieee.org/stamp/stamp.jsp?arnumber=10505495","crop disease and pest recognition;lightweight neural network;transfer learning;MobileNetV3;recognition application","YOLO;Training;Image recognition;Neural networks;Transfer learning;Memory management;Crops","","","","20","IEEE","25 Apr 2024","24-26 Nov. 2023","24-26 Nov. 2023","IEEE","IEEE Conferences"
"Agricultural Pest Detection System Based on Machine Learning","S. Zhang; J. Zhu; N. Li","School of Information Science and Engineering, University of Jinan, Jinan, China; Plant Protection Department, Shandong Provincial Plant Protection Station, Jinan, China; School of Information Science and Engineering, University of Jinan, Jinan, China",2021 IEEE 4th International Conference on Electronics Technology (ICET),"16 Jun 2021","2021","","","1192","1196","This paper designs an agricultural pest detection system based on machine learning. The system consists of pest detection algorithm and PC terminal system. The algorithm uses resnet50 as the backbone network, uses Feature Pyramid Network (FPN) to extract features, and optimizes them by Stochastic Gradient Descent (SGD) and Non-Maximum Suppression (NMS). Finally, the method is implemented by HALCON machine vision software. The PC side uses C # as the development language and C/S three-tier architecture for development, which is realized by visual studio 2015 combined with MySQL database. The system can detect and count the uploaded pest images, and save the detection results to MySQL database. The system constructed 27 agricultural common pest detection data sets, with an average precision of 92.5%. The experimental results show that the system can be effectively applied to the actual detection.","","978-1-7281-7673-4","10.1109/ICET51757.2021.9451034","","https://ieeexplore.ieee.org/stamp/stamp.jsp?arnumber=9451034","agricultural pest detection;machine learning;convolutional neural network;feature pyramid network;HALCON","Visualization;Neural networks;Software algorithms;Machine learning;Computer architecture;Feature extraction;Software","","4","","16","IEEE","16 Jun 2021","7-10 May 2021","7-10 May 2021","IEEE","IEEE Conferences"
"Deep Learning for Pest Recognition in Potato and Tomato Crops: A Comparative Study of Convolutional Neural Networks","Z. W. Bhuiyan; S. G. Nil; Z. B. M. Atib; M. Z. Islam; M. Hasan; M. T. Habib","Dept. of CSE, Fab Lab IUB, Independent University, Bangladesh; Dept. of CSE, Fab Lab IUB, Independent University, Bangladesh; Fab Lab IUB, Independent University, Bangladesh; Fab Lab IUB, Independent University, Bangladesh; Dept. of CSE, Fab Lab IUB, Independent University, Bangladesh; Dept. of CSE, Fab Lab IUB, Independent University, Bangladesh",2025 28th International Conference on Computer and Information Technology (ICCIT),"6 May 2026","2025","","","2046","2051","Agricultural productivity is increasingly threatened by pest infestations in staple crops such as potato and tomato. Conventional pesticide driven control poses environmental and health risks and is undermined by growing resistance. This study presents an AI based multi crop pest detection framework designed for precision and sustainability. We curate a dataset of 23,140 high resolution images covering 13 pest species, eight affecting potato and five affecting tomato crops, and train four convolutional models including a custom CNN, ResNet-50, VGG-16, and MobileNet under a unified protocol with rigorous augmentation and normalization. Performance is assessed using accuracy, precision, recall, and $F_{1}$-score with class wise reporting. The custom CNN attains 99 % accuracy while maintaining computational efficiency suitable for edge devices and real time use. Results demonstrate robust generalization across species and field like variability in illumination, background, and capture devices. Unlike prior efforts that focus on a single crop or limited classes, our framework provides broad coverage, transparent methodology, and deployment readiness. By enabling early and precise identification of multiple pests, the approach can reduce unnecessary pesticide application, protect yield and quality, and support data informed management. The proposed system offers a scalable path to practical, sustainable pest monitoring in modern agriculture.","2474-9656","979-8-3315-7867-1","10.1109/ICCIT68739.2025.11490142","","https://ieeexplore.ieee.org/stamp/stamp.jsp?arnumber=11490142","Crop Pest Recognition;Pretrained CNN;Custom CNN;Performance Matrix;Accuracy;Explainable AI","Feeds;Filtering;Filters;Circuits and systems;Internet of Things;Protocols;Communication systems;Pixel;Internet;HTTP","","","","18","IEEE","6 May 2026","19-21 Dec. 2025","19-21 Dec. 2025","IEEE","IEEE Conferences"
"MSFNet-CPD: Multi-Scale Cross-Modal Fusion Network for Crop Pest Detection","J. Zhang; Z. Liu; K. Yu","College of Computer and Information Science, Southwest University, China; School of Economics and Management, Beijing Jiaotong University, Beijing, China; School of Computer Science and Technology, Donghua University, China",2025 International Joint Conference on Neural Networks (IJCNN),"14 Nov 2025","2025","","","1","8","Accurate identification of agricultural pests is essential for crop protection but remains challenging due to the large intra-class variance and fine-grained differences among pest species. While deep learning has advanced pest detection, most existing approaches rely solely on low-level visual features and lack effective multi-modal integration, leading to limited accuracy and poor interpretability. Moreover, the scarcity of high-quality multi-modal agricultural datasets further restricts progress in this field. To address these issues, we construct two novel multi-modal benchmarks—CTIP102 and STIP102—based on the widely-used IP102 dataset, and introduce a Multi-scale Cross-Modal Fusion Network (MSFNet-CPD) for robust pest detection. Our approach enhances visual quality via a super-resolution reconstruction module, and feeds both the original and reconstructed images into the network to improve clarity and detection performance. To better exploit semantic cues, we propose an Image-Text Fusion (ITF) module for joint modeling of visual and textual features, and an Image-Text Converter (ITC) that reconstructs fine-grained details across multiple scales to handle challenging backgrounds. Furthermore, we introduce an Arbitrary Combination Image Enhancement (ACIE) strategy to generate a more complex and diverse pest detection dataset, MTIP102, improving the model’s generalization to real-world scenarios. Extensive experiments demonstrate that MSFNet-CPD consistently outperforms state-of-the-art methods on multiple pest detection benchmarks. All code and datasets will be made publicly available at: https://github.com/Healer-ML/MSFNet-CPD.","2161-4407","979-8-3315-1042-8","10.1109/IJCNN64981.2025.11228797","","https://ieeexplore.ieee.org/stamp/stamp.jsp?arnumber=11228797","Cross-Modal Fusion;Pest Detection;Multi-Modal","Deep learning;Visualization;Accuracy;Superresolution;Semantics;Crops;Benchmark testing;Reconstruction algorithms;Protection;Image reconstruction","","6","","35","IEEE","14 Nov 2025","30 June-5 July 2025","30 June-5 July 2025","IEEE","IEEE Conferences"
"Detection of Rice Planthopper Using Image Processing Techniques","J. Aquino; G. Alcantara; A. D. Cruz; A. P. Esteban; R. Sonza","Nueva Ecija University of Science and Technology, Philippines; Nueva Ecija University of Science and Technology, Philippines; Nueva Ecija University of Science and Technology, Philippines; Nueva Ecija University of Science and Technology, Philippines; Nueva Ecija University of Science and Technology, Philippines",2023 International Conference on Disruptive Technologies (ICDT),"19 Jun 2023","2023","","","513","518","Detection of rice planthoppers is essential in rice farming, especially in protecting rice plants because there are species of hoppers that cause a damaging impact on rice crop production. Traditionally, there are ways on how to detect these hoppers such as plant flapping which causes a less accurate and tedious way of surveying planthoppers densities. Nowadays, there are modern technologies that help agricultural sciences to build and develop advanced crop management protection. With this advancement, surveying and detecting planthoppers may bring a more accurate and simple way of planthopper detection. In this study, computer visualization such as image recognition and machine learning is applied. Detection of the planthopper is done using an image processing technique such as downsizing the images and a Convolutional Neural Network (CNN). Images were collected in rice fields where rice plants nearly at the harvest stage. Processed images attained a 93.74% accuracy rate of the detected specific planthopper in collected images. With the help of this modern technology of surveying the density of the planthoppers in rice crop farming, detection of such insects is easier and more accurate and it would be helpful for the agricultural sector to deliver an abrupt possible solution to prevent the damages that planthoppers may bring to the rice crops such as hopper burn. Through these techniques of image processing and algorithm, detecting, counting and identifying rice infestation is possible. This study would aid agricultural sectors, particularly rice farmers, in having the best crop management protection possible in order to increase rice output and reduce crop losses due to insect pest infestation. Other image processing techniques and machine learning for future work may also utilize or develop to detect specific objects like insects faster and accurate.","","979-8-3503-2388-7","10.1109/ICDT57929.2023.10151258","","https://ieeexplore.ieee.org/stamp/stamp.jsp?arnumber=10151258","Index Terms-Automated detection;Convolutional Neural Network;image processing;planthopper","Machine learning algorithms;Image processing;Insects;Crops;Machine learning;Production;Convolutional neural networks","","2","","12","IEEE","19 Jun 2023","11-12 May 2023","11-12 May 2023","IEEE","IEEE Conferences"
"A Multi-stage Prediction Framework for Pest Identification","Y. Chen; M. Chen; M. Guo; F. Wang; J. Wang","National Key Laboratory of Human-Machine Hybrid Augmented Intelligence, National Engineering Research Center for Visual Information and Applications, Institute of Artificial Intelligence and Robotics, Xi’an Jiaotong University; National Key Laboratory of Human-Machine Hybrid Augmented Intelligence, National Engineering Research Center for Visual Information and Applications, Institute of Artificial Intelligence and Robotics, Xi’an Jiaotong University; National Key Laboratory of Human-Machine Hybrid Augmented Intelligence, National Engineering Research Center for Visual Information and Applications, Institute of Artificial Intelligence and Robotics, Xi’an Jiaotong University; National Key Laboratory of Human-Machine Hybrid Augmented Intelligence, National Engineering Research Center for Visual Information and Applications, Institute of Artificial Intelligence and Robotics, Xi’an Jiaotong University; National Key Laboratory of Human-Machine Hybrid Augmented Intelligence, National Engineering Research Center for Visual Information and Applications, Institute of Artificial Intelligence and Robotics, Xi’an Jiaotong University",2023 IEEE 9th International Conference on Cloud Computing and Intelligent Systems (CCIS),"2 Oct 2023","2023","","","583","588","With the development of computer vision technology and smart agriculture, deep learning techniques have been widely applied to crop pest identification tasks. However, existing studies do not consider the problem of large differences in pests across multiple growth stages, leading to unsatisfactory performance in pest identification in practical applications. This article proposes a simple framework for multi-stage prediction of pests, which can effectively predict the growth stage of pests and improve pest classification performance. The framework consists of a classification branch and a stage prediction branch. The stage prediction branch predicts the growth stage of pests based on feature similarity using K-Means, and guides the classification branch to classify images from different stages into different categories to avoid interfering with the performance of the classifier. In addition, to update the entire network parameters, we propose a multi-stage cross-entropy loss that optimizes feature extractors and classifiers by fusing image labels and stage prediction outputs. Experimental results show that the proposed multi-stage prediction framework for pest identification can accurately classify pest stages and improve pest classification accuracy. In addition, our work provides research ideas for pest stage prediction and identification, which is expected to help achieve more efficient pest control.","2376-595X","979-8-3503-0442-8","10.1109/CCIS59572.2023.10262999","","https://ieeexplore.ieee.org/stamp/stamp.jsp?arnumber=10262999","Deep learning;Pest identification;Multi-stage prediction;Smart agriculture","Training;Smart agriculture;Deep learning;Adaptation models;Pest control;Feature extraction;Data models","","5","","18","IEEE","2 Oct 2023","12-13 Aug. 2023","12-13 Aug. 2023","IEEE","IEEE Conferences"
"Deep Learning Framework (DLF) for Video Analysis for anomaly applying Techniques on Edge Devices, Leveraging Multimodal Fusion and Self-Supervised Machine Learning to Reduce Dependence on Datasets for Deduction in Chilli Crop Cultivation","P. Srinivas; M. A. Shaik","Post-Doctoral Fellowship Research Scholar, SR University, Warangal, Telangana, India; School of Computer Science and Artificial Intelligence, SR University, Warangal, Telangana, India",2025 International Conference on Emerging Engineering Technologies and Applications (IC-EETA),"9 Jun 2026","2025","","","650","656","A deep learning to perform anonymous video analysis involves processing video footage to extract specific data, such as behavioral patterns or anomalies, while preventing the identification of individuals. This field, known as privacy-preserving deep learning, uses specialized frameworks to apply anonymization techniques and safeguard private data. A high-fidelity deep-learning pipeline for early pre-symptomatic pest detection in Chilli crop cultivation is presented. The system interleaves topological data analysis, specifically persistent homology computed on modality-augmented embeddings, with classical statistical, spectral, and dynamical descriptors, and fuses persistence-image vectorisations with gradient-boosted and convolution classifiers. Multimodal fusion and self-supervised learning to reduce dependence on ordered labeled datasets as inputs comprise soil physicochemical indices, microclimatic time series, leaf-based hyper spectral signatures, pheromone and sticky-trap counts collected across multiple experimental plots and contiguous crop cycles. Preprocessing implements temporal alignment, Hamper outlier rejection, robust scaling, and locality-preserving matrix completion; recurrence quantification metrics and constrained nonnegative matrix factorization are used to summarize dynamical and spectral structure. Victories-Rips filtrations are constructed under Mahalanobis scaling, persistence diagrams are converted to normalized persistence images, and witness-sub sampling is employed to comprise combinatorial complexity. Evaluation under nested, leakage-averse time-series cross-validation demonstrates that persistence-augmented models yield an AUPRC improvement of approximately 0.12, increase recall at a 10% false-alarm rate by approximately 0.16, and provide median lead-time gains of about 2.4 days versus classical baselines. Ablation analyses attribute complementary predictive value to H0 and H1 channels. The results indicate that topological summaries materially enhance pre-symptomatic detection robustness and timeliness in precision-agronomy contexts. Despite these improvements, deployment considerations and scalable approximations are discussed to facilitate operational translation and validation.","","979-8-3315-9566-1","10.1109/IC-EETA66496.2025.11547931","","https://ieeexplore.ieee.org/stamp/stamp.jsp?arnumber=11547931","Machine Learning;Predictive Model;Chilli Crop;Pest Detection;Gradient Booster;Convolution Classifier","Modeling;Timing;Printing;Signal detection;Pipelines;Machine learning;Diseases;Image sensors;Deep learning;Crops","","","","20","IEEE","9 Jun 2026","6-8 Nov. 2025","6-8 Nov. 2025","IEEE","IEEE Conferences"
"DFF-ResNet: An insect pest recognition model based on residual networks","W. Liu; G. Wu; F. Ren; X. Kang","School of Information Science and Technology and School of Transportation and Civil Engineering, Nantong University, Nantong, China; School of Information Science and Technology, Nantong University, Nantong, China; Faculty of Engineering, Tokushima University, Tokushima, Japan; Faculty of Engineering, Tokushima University, Tokushima, Japan",Big Data Mining and Analytics,"13 Nov 2020","2020","3","4","300","310","Insect pest control is considered as a significant factor in the yield of commercial crops. Thus, to avoid economic losses, we need a valid method for insect pest recognition. In this paper, we proposed a feature fusion residual block to perform the insect pest recognition task. Based on the original residual block, we fused the feature from a previous layer between two 1×1 convolution layers in a residual signal branch to improve the capacity of the block. Furthermore, we explored the contribution of each residual group to the model performance. We found that adding the residual blocks of earlier residual groups promotes the model performance significantly, which improves the capacity of generalization of the model. By stacking the feature fusion residual block, we constructed the Deep Feature Fusion Residual Network (DFF-ResNet). To prove the validity and adaptivity of our approach, we constructed it with two common residual networks (Pre-ResNet and Wide Residual Network (WRN)) and validated these models on the Canadian Institute For Advanced Research (CIFAR) and Street View House Number (SVHN) benchmark datasets. The experimental results indicate that our models have a lower test error than those of baseline models. Then, we applied our models to recognize insect pests and obtained validity on the IP102 benchmark dataset. The experimental results show that our models outperform the original ResNet and other state-of-the-art methods.","2097-406X","","10.26599/BDMA.2020.9020021","","https://ieeexplore.ieee.org/stamp/stamp.jsp?arnumber=9259195","insect pest recognition;deep feature fusion;residual network;image classification","Residual neural networks;Insects;Convolution;Task analysis;Adaptation models;Optimization;Deep learning","","68","","","","13 Nov 2020","Dec. 2020","","TUP","TUP Journals"
"Research and implementation of crop pest and disease identification system based on deep learning","Q. Falin; W. Yi; L. Yong","Faculty of Computer and Information, Kunming Metallurgy College, Kunming, Yunnan, People's Republic of China; Faculty of Computer and Information, Kunming Metallurgy College, Kunming, Yunnan, People's Republic of China; Faculty of Computer and Information, Kunming Metallurgy College, Kunming, Yunnan, People's Republic of China",International Conference on Artificial Intelligence and Computational Engineering (AICE 2025),"11 Nov 2025","2025","2025","","33","36","With the acceleration of agricultural modernization, precision agriculture has become central to improving crop yield and quality. Traditional pest and disease identification relies on manual inspection, which is inefficient, error-prone, and leads to excessive pesticide use. To address these issues, this paper designs a crop pest and disease identification system based on Convolutional Neural Networks (CNN). By analyzing multi-source image data and enhancing model generalization through preprocessing and data augmentation, combined with an interactive interface, the system achieves accurate identification and result display. Experimental verification shows it effectively identifies various pests and diseases with an 81.98% test set accuracy, providing technical support for intelligent agricultural management, boosting production efficiency, reducing pesticide use, and promoting sustainable agriculture.","","978-1-80705-035-1","10.1049/icp.2025.3546","","https://ieeexplore.ieee.org/stamp/stamp.jsp?arnumber=11237294","","","","","","","","11 Nov 2025","29-31 Aug. 2025","29-31 Aug. 2025","IET","IET Conferences"
"Y-Net: Insect Counting and Segmentation using Deep Learning on Embedded Devices","A. Kargar; D. Zorbas; M. Gaffney; B. O'Flynn; S. Tedesco","Tyndall National Institute, University College Cork, Cork, Ireland; School of Engineering & Digital, Sciences, Nazarbayev University, Astana, Kazakhstan; Horticulture Development Department, Teagasc Ashtown Food Research Centre, Dublin, Ireland; Tyndall National Institute, University College Cork, Cork, Ireland; Tyndall National Institute, University College Cork, Cork, Ireland",2024 IEEE International Instrumentation and Measurement Technology Conference (I2MTC),"28 Jun 2024","2024","","","1","6","Insect pests can pose a serious threat to food production and agriculture in general and can cause substantial crop damage and economic losses. Monitoring insect pest populations is essential to control and mitigate these losses. Traditional monitoring methods are considered by growers and agronomists to be time-costly as well as labour-intensive tasks, which ultimately means that in times of high activity on farms it is a task which often is neglected. This study proposes an automated vision-based insect segmentation and counting approach through the use of deep learning (DL) models developed particularly for embedded systems. An image dataset for our target insect, Halyomorpha halys, was first created using images captured by our IoT-enabled image capture system deployed in a fruit orchard. Then, a Y-Net model inspired by U-Net was developed with the capability of insect counting in addition to segmentation. The performance of this model was assessed using a variety of different metrics, and the results demonstrated the feasibility and effectiveness of the model in counting and segmentation of insects using Edge-AI algorithms capable of running on embedded systems. Based on the achieved results, the proposed Y-Net model achieved a Mean Squared Error (MSE) of 1.9 for the insect counting task, an Intersection over Union (IoU) of 84.5% and a Dice Similarity Coefficient (DSC) of 91.5% for the segmentation task, with an inference time of nearly 0.4 seconds on a smartphone.","2642-2077","979-8-3503-8090-3","10.1109/I2MTC60896.2024.10561007","","https://ieeexplore.ieee.org/stamp/stamp.jsp?arnumber=10561007","Image segmentation;Object counting;Deep learning;CNN-based architecture;Insect monitoring;Precision agriculture","Deep learning;Image segmentation;Embedded systems;Insects;Biological system modeling;Sociology;Agriculture","","5","","22","IEEE","28 Jun 2024","20-23 May 2024","20-23 May 2024","IEEE","IEEE Conferences"
"Classification of Vegetable Plant Pests using Deep Transfer Learning","G. Vijayakanthan; T. Kokul; S. Pakeerathai; U. A. J. Pinidiyaarachchi","Postgraduate Institute of Science University of Peradeniya, Sri Lanka; Department of Physical Science, Vavuniya Campus of the University of Jaffna, Sri Lanka; Department of Agricultural Biology, University of Jaffna, Sri Lanka; Department of Statistics and Computer Science, University of Peradeniya, Sri Lanka",2021 10th International Conference on Information and Automation for Sustainability (ICIAfS),"10 Nov 2021","2021","","","167","172","Sri Lankan farmers face several issues and among them crop loss due to insect pest infestation is the major hurdle. Several approaches have been proposed to detect the pest class by using computer vision and machine learning techniques. These approaches gain the classification knowledge by using a large number of pest image samples, despite it being time consuming. In this paper, we propose an approach to detect the vegetable plant pests in Sri Lanka. To our best knowledge, no previous studies were conducted to detect pest classes in Sri Lankan vegetables. We have used the deep transfer learning technique to train the classification model with fewer number of samples as they are able to transfer the learned knowledge from one domain to another. Raw images of ten vegetable pest classes were collected and then a database was constructed. The VGG16 and InceptionV3 Convolutional Neural Network (CNN) pre-trained models were used to transfer the classification knowledge and they showed the accuracy of 97.5% and 99.8 %, respectively.","2151-1810","978-1-6654-4429-3","10.1109/ICIAfS52090.2021.9606176","","https://ieeexplore.ieee.org/stamp/stamp.jsp?arnumber=9606176","Pest classification;CNN;Deep Transfer Learning","Knowledge engineering;Computer vision;Databases;Insects;Transfer learning;Lighting;Crops","","14","","32","IEEE","10 Nov 2021","11-13 Aug. 2021","11-13 Aug. 2021","IEEE","IEEE Conferences"
"An Ensemble Convolutional Neural Network for Recognizing and Counting of Mango Pests using Superpixel Segmentation","F. Yang; Y. Choi; F. Yang; K. Xin; X. Zhao","School of Data and Computer Science, Shandong Women's University, Jinan, China; School of Computer Information and Communication Engineering, Kunsan National University, Kunsan, South Korea; Network Center, Shandong Labor Vocational and Technical College, Jinan, China; College of Information Science and Engineering, Binzhou University, Binzhou, China; School of Data and Computer Science, Shandong Women's University, Jinan, China",2022 10th International Conference on Information Systems and Computing Technology (ISCTech),"30 May 2023","2022","","","605","611","In the agricultural field., the problem of pests attacking crops has long plagued farmers. In order to detect and monitor the development of pests in time, compared with traditional methods, deep learning techniques that have gradually matured and become effective in recent years can be used. The success of deep learning technology in the field of computer vision in recent years can provide support for the solution of insect recognizes and counts in images under the complex background of agriculture. In recent studies, convolutional neural networks have improved the efficiency for the reorganization of insects in specific categories of crops. This paper suggested a method for recognizing and counting mango insects. In order to improve the accuracy and practicability of the model, this paper has done the following work: First of all, optimized and upgraded the A Large-Scale Benchmark Dataset for Insect Pest Recognition IP102 dataset version. Some of the pictures were cleaned, and unclear pictures that were difficult to extract in the early insects were deleted. Secondly, this paper suggested the EnRDNet algorithm to ensemble the ResNet and DenseNet models that have outstanding performance in the field of insect recognition. Third, this paper proposes to add a layer of confidence to the trained model when used in actual scene prediction which named Smart_EnRDNet algorithm to determine whether there are insect objects in the picture, and then output the insect category if there is. Experiment shows the efficiency of the proposed algorithms.","","979-8-3503-3293-3","10.1109/ISCTech58360.2022.00099","","https://ieeexplore.ieee.org/stamp/stamp.jsp?arnumber=10131002","Superpixel segmentation;Convolutional neural network;Pest counting;Computer vision","Deep learning;Image recognition;Insects;Crops;Morphology;Predictive models;Prediction algorithms","","","","22","IEEE","30 May 2023","28-30 Dec. 2022","28-30 Dec. 2022","IEEE","IEEE Conferences"
"Deep Transfer Learning based Light-weight Agricultural Pest Classification Model using Convolutional Neural Networks","A. Bhatt; D. Patel; V. Ajmeri; P. Goel","Computer Science & Engineering Department, Devang Patel Institute of Advance Technology and Research, Charotar University of Science and Technology (CHARUSAT), Changa, Anand, India; Computer Science & Engineering Department, Devang Patel Institute of Advance Technology and Research, Charotar University of Science and Technology (CHARUSAT), Changa, Anand, India; Computer Science & Engineering Department, Devang Patel Institute of Advance Technology and Research, Charotar University of Science and Technology (CHARUSAT), Changa, Anand, India; Computer Science & Engineering Department, Devang Patel Institute of Advance Technology and Research, Charotar University of Science and Technology (CHARUSAT), Changa, Anand, India",2024 International Conference on Inventive Computation Technologies (ICICT),"7 Jun 2024","2024","","","175","180","A variety of pests and insects can hinder the sprouting of major field crops including wheat, rice, maize, sugarcane, and soybeans, as well as lower agricultural productivity. Since all agricultural insects have similar appearances during the initial phases of crop growth, farmers find it challenging to appropriately classify and identify these insects. Deep architecture Convolutional Neural Networks (CNNs) are employed to tackle this issue, as they can automatically extract and comprehend complex features suitable for applications in image classification. This paper seeks to highlight the competence of transfer learning and the implementation of a pre-trained model customized for the Pest Dataset in the classification of pests into 12 categories. The proposed framework was developed by incorporating the convolutional and pooling layers from pre-trained CNN frameworks, namely ResNet50, Xception, DenseNet121, and EfficientNetB5 for feature extraction. Furthermore, new fully-connected layers and an output layer were developed particularly for the categorization process. The Agricultural Pests Image Dataset is used to examine the proposed framework. The experimental findings demonstrate that Xception, when employed with the proposed architecture, obtained the highest accuracy, with a training accuracy of 92.09% and a testing accuracy of 89.35%, surpassing the performance of the other four pre-trained networks.","2767-7788","979-8-3503-5929-9","10.1109/ICICT60155.2024.10544420","","https://ieeexplore.ieee.org/stamp/stamp.jsp?arnumber=10544420","Transfer learning;Classification;Convolutional Neural Network;Deep Learning;Agricultural Pest Dataset;pretrained Model","Training;Productivity;Insects;Computational modeling;Transfer learning;Crops;Feature extraction","","1","","20","IEEE","7 Jun 2024","24-26 April 2024","24-26 April 2024","IEEE","IEEE Conferences"
"Beyond the Naked Eye: Computer Vision for Detecting Brown Marmorated Stink Bug and Its Punctures","L. Almstedt; F. B. Sorbelli; B. Boom; R. Calvini; E. Costi; A. Dinca; V. Ferrari; D. Giannetti; L. Ichim; A. Kargar; C. Lazar; L. Maistrello; A. Navarra; D. Niederprüm; P. Offermans; B. O'Flynn; L. Palazzetti; N. Patelli; C. M. Pinotti; D. Popescu; A. K. Rangarajan; L. Serghei; A. Ulrici; L. Wolf; D. Zorbas; L. Zurek","Technical University of Braunschweig, Braunschweig, Germany; University of Perugia, Perugia, Italy; IMEC OnePlanet Research Center, Wageningen, The Netherlands; University of Modena and Reggio Emilia, Modena, Italy; University of Modena and Reggio Emilia, Modena, Italy; Politehnica University of Bucharest, Bucharest, Romania; University of Modena and Reggio Emilia, Modena, Italy; University of Parma, Parma, Italy; Politehnica University of Bucharest, Bucharest, Romania; Tyndall National Institute, Cork, Ireland; Politehnica University of Bucharest, Bucharest, Romania; University of Modena and Reggio Emilia, Modena, Italy; University of Perugia, Perugia, Italy; Technical University of Braunschweig, Braunschweig, Germany; IMEC OnePlanet Research Center, Wageningen, The Netherlands; Tyndall National Institute, Cork, Ireland; University of Florence, Florence, Italy; University of Modena and Reggio Emilia, Modena, Italy; University of Perugia, Perugia, Italy; Politehnica University of Bucharest, Bucharest, Romania; IMEC OnePlanet Research Center, Wageningen, The Netherlands; Politehnica University of Bucharest, Bucharest, Romania; University of Modena and Reggio Emilia, Modena, Italy; Technical University of Braunschweig, Braunschweig, Germany; Nazarbayev University, Astana, Kazakhstan; Technical University of Braunschweig, Braunschweig, Germany",IEEE Transactions on AgriFood Electronics,"10 Apr 2025","2025","3","1","6","17","In this article, we introduce machine learning (ML) techniques developed for the monitoring of the brown marmorated stink bug (BMSB), a significant agricultural pest responsible for considerable crop damage worldwide. The Haly.ID project, initiated in early 2021, aims to enhance BMSB monitoring through the utilization of information and communication technology methods. We employ computer vision techniques on RGB images captured by drones and investigate the performance of deep neural networks to evaluate the impact of this invasive species on crop yields in orchards around Europe. Specifically, we evaluate the single shot multibox detector, detection transformer, YOLOv5, YOLOv9, and YOLOv10 architectures for full-level and patch-level image analysis, respectively. To improve detection accuracy, we experiment with shortwave infrared hyperspectral imaging (SWIR-HSI) in laboratory settings. Given that pheromone baited traps are the most accepted tools for pest detection by field operators, we also propose an Internet of Things sticky trap with an integrated camera equipped with lightweight convolutional neural networks models operating “on the edge” in this resource constrained system. In addition, we develop a client–server application for real-time bug detection, integrating the ML models to provide accessible results to farmers. Lastly, we explore effective postharvesting strategies using SWIR-HSI images to detect insect punctures invisible to the naked eye, thereby enhancing the quality of marketable fruit.","2771-9529","","10.1109/TAFE.2024.3429537","HALY-ID; European Union's Horizon 2020(grant numbers:862665,862671); MIPAAF; GNCS – INdAM; ","https://ieeexplore.ieee.org/stamp/stamp.jsp?arnumber=10623862","Brown marmorated stink bug (BMSB);computer vision algorithms;hyperspectral imaging;insect detection;RGB imaging;unmanned aerial vehicles (UAVs)","Insects;YOLO;Accuracy;Hyperspectral imaging;Computer vision;Autonomous aerial vehicles","","14","","54","CCBY","6 Aug 2024","March-April 2025","","IEEE","IEEE Journals"
"Pest Detection in Crop Images Based on OTSU Algorithm and Deep Convolutional Neural Network","Y. Yao; Y. Zhang; W. Nie","Internet of Things and Big Data Technology Research Center, Xijing University, Xian, Shaanxi, China; Internet of Things and Big Data Technology Research Center, Xijing University, Xian, Shaanxi, China; Internet of Things and Big Data Technology Research Center, Xijing University, Xian, Shaanxi, China",2020 International Conference on Virtual Reality and Intelligent Systems (ICVRIS),"21 Sep 2021","2020","","","442","445","With the development of computer image detection technology in agriculture, the accurate detection of crop pests under complex background has become an important issue in agriculture. Due to various forms and complex environments, some pest images cannot be accurately detected by existing detection algorithms. In order to improve the detection accuracy, a deep convolutional neural network based on feature fusion is proposed. This algorithm is based on Mask R-CNN network and OSTU, introduces automatic threshold segmentation algorithm. In the feature extraction stage, an improved threshold segmentation algorithm is introduced, and then the feature data generated by segmentation is used to replace the original feature maps. The experiment on crop pest detection shows that this detection algorithm proposed in this paper can effectively detect crop pests and achieve the effect of identification and instance segmentation.","","978-1-7281-9636-7","10.1109/ICVRIS51417.2020.00111","National Natural Science Foundation of China; ","https://ieeexplore.ieee.org/stamp/stamp.jsp?arnumber=9539399","Pest Detection;Mask R-CNN;OTSU;Threshold Segmentation","Image segmentation;Solid modeling;Crops;Virtual reality;Feature extraction;Prediction algorithms;Agriculture","","2","","15","IEEE","21 Sep 2021","18-19 July 2020","18-19 July 2020","IEEE","IEEE Conferences"
"IP102: A Large-Scale Benchmark Dataset for Insect Pest Recognition","X. Wu; C. Zhan; Y. -K. Lai; M. -M. Cheng; J. Yang","College of Computer Science, Nankai University, Tianjin, China; College of Computer Science, Nankai University, Tianjin, China; School of Computer Science and Informatics, Cardiff University, Cardiff, UK; College of Computer Science, Nankai University, Tianjin, China; College of Computer Science, Nankai University, Tianjin, China",2019 IEEE/CVF Conference on Computer Vision and Pattern Recognition (CVPR),"9 Jan 2020","2019","","","8779","8788","Insect pests are one of the main factors affecting agricultural product yield. Accurate recognition of insect pests facilitates timely preventive measures to avoid economic losses. However, the existing datasets for the visual classification task mainly focus on common objects, e.g., flowers and dogs. This limits the application of powerful deep learning technology on specific domains like the agricultural field. In this paper, we collect a large-scale dataset named IP102 for insect pest recognition. Specifically, it contains more than 75, 000 images belonging to 102 categories, which exhibit a natural long-tailed distribution. In addition, we annotate about 19, 000 images with bounding boxes for object detection. The IP102 has a hierarchical taxonomy and the insect pests which mainly affect one specific agricultural product are grouped into the same upperlevel category. Furthermore, we perform several baseline experiments on the IP102 dataset, including handcrafted and deep feature based classification methods. Experimental results show that this dataset has the challenges of interand intra- class variance and data imbalance. We believe our IP102 will facilitate future research on practical insect pest control, fine-grained visual classification, and imbalanced learning fields. We make the dataset and pre-trained models publicly available at https://github.com/xpwu95/IP102.","2575-7075","978-1-7281-3293-8","10.1109/CVPR.2019.00899","","https://ieeexplore.ieee.org/stamp/stamp.jsp?arnumber=8954351","Datasets and Evaluation;Vision Applications and Systems","Visualization;Image recognition;Heavily-tailed distribution;Insects;Taxonomy;Object detection;Pest control;Loss measurement;Agricultural products;Pattern recognition","","445","1","45","IEEE","9 Jan 2020","15-20 June 2019","15-20 June 2019","IEEE","IEEE Conferences"
"Feature Reuse Residual Networks for Insect Pest Recognition","F. Ren; W. Liu; G. Wu","Faculty of Engineering, Tokushima University, Tokushima, Japan; Faculty of Engineering, Tokushima University, Tokushima, Japan; School of Information Science and Technology, Nantong University, Nantong, China",IEEE Access,"10 Sep 2019","2019","7","","122758","122768","Insect pests are one of the main threats to the commercially important crops. An effective insect pest recognition method can avoid economic losses. In this paper, we proposed a new and simple structure based on the original residual block and named as feature reuse residual block which combines feature from the input signal of a residual block with the residual signal. In each feature reuse residual block, it enhances the capacity of representation by learning half and reuse half feature. By stacking the feature reuse residual block, we obtained the feature reuse residual network (FR-ResNet) and evaluated the performance on IP102 benchmark dataset. The experimental results showed that FR-ResNet can achieve significant performance improvement in terms of insect pest classification. Moreover, to demonstrate the adaptive of our approach, we applied it to various kinds of residual networks, including ResNet, Pre-ResNet, and WRN, and we tested the performance on a series of benchmark datasets: CIFAR-10, CIFAR-100, and SVHN. The experimental results showed that the performance can be improved obviously than original networks. Based on these experiments on CIFAR-10, CIFAR-100, SVHN, and IP102 benchmark datasets, it demonstrates the effectiveness of our approach.","2169-3536","","10.1109/ACCESS.2019.2938194","Nantong Innovation Conditions Construction Plan(grant numbers:CP12015004); ","https://ieeexplore.ieee.org/stamp/stamp.jsp?arnumber=8819933","Insect pest recognition;feature reuse;residual network","Insects;Agriculture;Benchmark testing;Deep learning;Task analysis;Training;Convolution","","118","","42","CCBY","29 Aug 2019","2019","","IEEE","IEEE Journals"
"Recognizing Pests in Field-Based Images by Combining Spatial and Channel Attention Mechanism","X. Yang; Y. Luo; M. Li; Z. Yang; C. Sun; W. Li","National Engineering Research Center for Information Technology in Agriculture, Beijing, China; National Engineering Research Center for Information Technology in Agriculture, Beijing, China; National Engineering Research Center for Information Technology in Agriculture, Beijing, China; National Engineering Research Center for Information Technology in Agriculture, Beijing, China; National Engineering Research Center for Information Technology in Agriculture, Beijing, China; National Engineering Research Center for Information Technology in Agriculture, Beijing, China",IEEE Access,"15 Dec 2021","2021","9","","162448","162458","Large scale pest recognition is one of crucial components in pest management in outdoor conditions, which is much more difficult than common object recognition because of the variational image acquisition direction, location, pest size and complex image background. To overcome the challenges, this study proposes a CNN model by combining spatial attention mechanism and channel attention mechanism to realize accurate pest location and recognition in field images. The proposed model consists of two major parts. Firstly, the module Spatial Transformer Networks (STN) is incorporated into a Convolutional Neural Network (CNN) architecture to provide image cropping out and scale-normalization of the appropriate region, which can simplify the subsequent classification task. The second one is called Improved Split-Attention Networks that is used to enable feature-map attention across feature-map groups. The proposed model is evaluated on three different datasets: Li’s dataset (10 species), proposed dataset (58 species) and IP102 dataset (102 species), achieving the classification accuracies of 96.78%, 96.50% and 73.29%, respectively. Comparisons with five traditional CNN models and three attention-related state-of-the-art deep learning models show that the current method outperforms these previous models. Besides, to verify the robustness of this proposed model on different image resolutions, six datasets with different image resolutions are constructed and all accuracies exceed 92% with the image resolution of  $400\times 267$  pixels reaching the optimal performance. All results show that the proposed method provides a reliable solution to recognize insect pest in field and support precision plant protection in agriculture production.","2169-3536","","10.1109/ACCESS.2021.3132486","National Key Technology Research and Development Program of China(grant numbers:2017YFE0122503); Promotion and Innovation of Beijing Academy of Agriculture and Forestry Sciences; National Natural Science Foundation of China(grant numbers:31871525); ","https://ieeexplore.ieee.org/stamp/stamp.jsp?arnumber=9634057","Insect recognition;attention mechanism;deep learning;image processing","Insects;Feature extraction;Task analysis;Convolutional neural networks;Image recognition;Deep learning;Convolution","","43","","41","CCBY","3 Dec 2021","2021","","IEEE","IEEE Journals"
"MemoryTeacher: Memory Fusion and CARF for Semi-supervised Pest Region Detection","J. Zhou; J. Zhang; J. Chu; H. Huang; Y. Sun","University of Science and Technology of China, Hefei, China; Hefei Institutes of Physical Science, Chinese Academy of Sciences, Hefei, China; School of Electronic and Information Engineering, Anhui Jianzhu University, Hefei, Anhui, China; School of Electronic and Information Engineering, Anhui Jianzhu University, Hefei, Anhui, China; Hefei Institutes of Physical Science, Chinese Academy of Sciences, Hefei, China",2024 7th International Conference on Advanced Algorithms and Control Engineering (ICAACE),"18 Jun 2024","2024","","","1505","1508","With the rapid progress of object detection, intelligent and effective crop pest region detection becomes possible. However, supervised learning-based object detection relies significantly on a large amount of labeled data, which presents challenges in real-world applications. Meanwhile, using vision technology to accurately detect insect infested regions is challenging due to their dense distribution and small target. To overcome these obstacles, in this paper, we put forward an innovative semi-supervised pest region detection framework, MemoryTeacher. The framework that successfully reduces the problems of instability in detection results over multiple iterations. Furthermore, for insect infested regions, missed detection is caused by small size, low resolution, and limited information, we provided a Lightweight feature upsampling operation Content-Aware Reassembly of Features(CARF) module to gather more useful information throughout a vast receptive field. The outcomes of the experiments show that MemoryTeacher performs well on various SSOD evaluation index. our semi-supervised method with ResNet-50 backbone achieves 58.0 mAP given only 20% of annotated corn-borer data, which surpasses previous baselines based on pseudo label method by about 3.2 mAP. Additionally, compared with supervised object detection methods, the enhanced model achieves about 75% effectiveness with only 20% of the training set. This approach provides technological references and theoretical studies for semi-surprised pest region detection.","","979-8-3503-6144-5","10.1109/ICAACE61206.2024.10549614","National Key Research and Development Program of China(grant numbers:2021YFD200060102); ","https://ieeexplore.ieee.org/stamp/stamp.jsp?arnumber=10549614","Semi-supervised pest region detection;Memory fusion;CARF;MemoryTeacher","Training;Fluctuations;Control engineering;Insects;Crops;Object detection;Feature extraction","","","","10","IEEE","18 Jun 2024","1-3 March 2024","1-3 March 2024","IEEE","IEEE Conferences"
"A Discriminative Pest Detection Method Based on Low-Rank Representation","Y. Wang; Y. Zhang; Y. Shi; B. Yin","Beijing Key Laboratory of Multimedia and Intelligent Software Technology, Beijing University of Technology, Beijing, China; Beijing Transportation Information Center, Beijing, China; Beijing Key Laboratory of Multimedia and Intelligent Software Technology, Beijing University of Technology, Beijing, China; College of Computer Science and Technology, DaLian University of Technology, Dalian, China",2018 7th International Conference on Digital Home (ICDH),"7 Feb 2019","2018","","","89","95","Traditional manual detection method of crop pests is a quite tedious work with low efficiency, which brings great inconvenience to the control and removal of crop pests at early stage. In recently years, computer vision becomes a critical and promising technique for pest detection. However, limited to the shape and size of the pest and other issues, the perforance of these methods are not so effective and accurate. In order to improve the detection accuracy, we propose a discriminative method for pest detection on leaves based on low-rank representation and sparsity. By utilizing the lowrank characteristics of natural images, the sparsity of the noise image and the prior knowledge of color information of the crop pest images, our method decomposes the original image into low-rank image and sparse noise image, which contains all pests on the leaf. After that, the crop pests with leaf can be separate from the background and counted effectively. The experimental results show that our method can detect pests on leaf conveniently. This is of great significance for future pest judgment and management.","","978-1-5386-9497-8","10.1109/ICDH.2018.00024","","https://ieeexplore.ieee.org/stamp/stamp.jsp?arnumber=8634696","pest detection, computer vision, low-rank representation, sparse noise","Image color analysis;Agriculture;Sparse matrices;Computer vision;Matrix decomposition;Mathematical model;Manuals","","","","30","IEEE","7 Feb 2019","30 Nov.-1 Dec. 2018","30 Nov.-1 Dec. 2018","IEEE","IEEE Conferences"
"Image Classification Method of Longhorn Beetles of Yunnan Based on Bagging and CNN","W. Deng; Q. Xu; J. Liu; Y. Lu; M. Fan; X. Liu","School of Big Data and Intelligent Engineering, Southwest Forestry University, Kunming, China; School of Big Data and Intelligent Engineering, Southwest Forestry University, Kunming, China; School of Big Data and Intelligent Engineering, Southwest Forestry University, Kunming, China; School of Big Data and Intelligent Engineering, Southwest Forestry University, Kunming, China; School of Big Data and Intelligent Engineering, Southwest Forestry University, Kunming, China; Luoping County Plant Protection Station, Qujing, China",2022 5th International Conference on Pattern Recognition and Artificial Intelligence (PRAI),"4 Oct 2022","2022","","","198","203","The classification study of beetles is of great significance for biodiversity conservation and utilization, agricultural and forestry pest control and other work. In the traditional classification method of beetles, there are problems such as single dimension of extracted features, insufficient feature information, insufficient model accuracy and model generalization, and difficulty in practical application. In order to solve the current problems encountered, this paper proposes an image classification model of Longhorn Beetles of Yunnan based on Bagging and CNN. The model is based on the data set extracted by Gabor filter, constructs LHB-CNN, AlexNet, Xception, InceptionV3, MobileNetV2 to obtain the base classification model. Second, the base model is ensembled through the Bagging ensemble strategy. The experimental results show that the classification model based on Bagging and CNN achieves 99.38% classification accuracy. Compared with the five models of LHB-CNN, AlexNet, Xception, InceptionV3 and MobileNetV2, this method has higher accuracy and precision, and experiments have proved the advantages and better robustness of this method. Therefore, the image recognition model based on Bagging and CNN can effectively classify the images of Longhorn Beetles of Yunnan, and provide certain support for the prevention and control of Longhorn Beetles of Yunnan.","","978-1-6654-9916-3","10.1109/PRAI55851.2022.9904155","","https://ieeexplore.ieee.org/stamp/stamp.jsp?arnumber=9904155","longhorn beetles of Yunnan;bagging;image classification;convolutional neural network","Biological system modeling;Neural networks;Pest control;Feature extraction;Robustness;Data models;Convolutional neural networks","","2","","26","IEEE","4 Oct 2022","19-21 Aug. 2022","19-21 Aug. 2022","IEEE","IEEE Conferences"
"Agricultural pest detection algorithm based on attention mechanism","X. Fan; Y. Wang; J. Liu; Z. Yin; Z. Yang","School of Communications and Electronics, Jiangxi Science and Technology Normal University, Nanchang, China; School of Communications and Electronics, Jiangxi Science and Technology Normal University, Nanchang, China; School of Communications and Electronics, Jiangxi Science and Technology Normal University, Nanchang, China; School of Communications and Electronics, Jiangxi Science and Technology Normal University, Nanchang, China; School of Communications and Electronics, Jiangxi Science and Technology Normal University, Nanchang, China",2022 IEEE 22nd International Conference on Communication Technology (ICCT),"27 Mar 2023","2022","","","1709","1713","Recently, the Yolov5s algorithm in agricultural pest detection is often compromised by upsampling of information, resulting in the loss of detailed information in small target features. To solve this problem, an algorithm for agricultural pest detection in natural environment based on attenuation factors is proposed in this paper. The backbone of Yolov5s was used as a backbone network, and the attention mechanism SE was added to the bottleneck structure of the network to solve the problems such as the disappearance of the gradient in the training process and improve the detection accuracy of small targets. Experimental results show that the MAP0.5 and MAP0.5:0.95 of the improved Yolov5s in IP102 reach 58.76% and 35.53%, respectively. Compared with the original algorithm, the MAP0.5 and MAP0.5:0.95 is improved by 0.83% and 0.4%, respectively.","2576-7828","978-1-6654-7067-4","10.1109/ICCT56141.2022.10072957","National Natural Science Foundation of China(grant numbers:62061019); ","https://ieeexplore.ieee.org/stamp/stamp.jsp?arnumber=10072957","Yolov5s;SE attention mechanism;Small target feature","Training;Feature extraction;Attenuation;Communications technology;Data mining;Detection algorithms","","1","","21","IEEE","27 Mar 2023","11-14 Nov. 2022","11-14 Nov. 2022","IEEE","IEEE Conferences"
"An Enhanced and Lightweight YOLOv8-Based Model for Accurate Rice Pest Detection","G. Liu; J. Di; Q. Wang; Y. Zhao; Y. Yang","College of Information Engineering, Hebei University of Architecture, Zhangjiakou, China; College of Information Engineering, Hebei University of Architecture, Zhangjiakou, China; College of Information Engineering, Hebei University of Architecture, Zhangjiakou, China; College of Artificial Intelligence, Beijing Normal University, Beijing, China; College of Information Engineering, Hebei University of Architecture, Zhangjiakou, China",IEEE Access,"29 May 2025","2025","13","","91046","91064","Accurate pest identification is crucial for ensuring both high quality and high yield in rice production. This paper proposes RicePest-YOLO, a practical and generalizable model designed for agricultural pest detection, based on structural optimization and lightweight strategies applied to the YOLOv8 architecture. The model is specifically tailored to address the challenges of rice pest images, such as small insect size, complex backgrounds, and high inter-class similarity. In particular, it integrates ODConv and the BiFPN structure into the backbone and neck of YOLOv8n, enhancing the model’s ability to extract features from rice pest images. Subsequently, the Shape-IoU loss function is employed to enhance the model’s sensitivity and precision in target recognition. Furthermore, to facilitate the deployment of the new algorithm on embedded terminal devices, we applied Layer Adaptive Magnitude Pruning and Knowledge Distillation techniques for a lightweight model. The effectiveness of the proposed model was evaluated on common rice pest datasets. Experimental results demonstrate that the proposed model outperforms YOLOv8n, achieving an mAP@0.5 of 94.3%, and an mAP@0.5:0.95 of 67.3%, with 2.7% improvement in mAP@0.5 and 1.2% improvement in mAP@0.5:0.95. Comparison experiments with state-of-the-art models further demonstrated the proposed approach’s superiority. The model’s generalization and robustness were tested on the Pests dataset and the Paddy Rice Pest dataset. Results indicated a 2.6% and 3.0% improvement in mAP@0.5, and a 2.8% and 4.0% increase in mAP@0.5:0.95, respectively. Additionally, Experimental results show that the lightweight version of RicePest-YOLO reduced parameters by 48.1% and GFLOPs by 50%, with only a marginal decrease of 0.4% in mAP@0.5. The results validate that the proposed model is not only effective and efficient but also robust and lightweight, making it a promising solution for rice pest detection and offering valuable support for pest management in precision agriculture.","2169-3536","","10.1109/ACCESS.2025.3569819","Higher Education Scientific Research Project of Hebei Province(grant numbers:QN2025322); ","https://ieeexplore.ieee.org/stamp/stamp.jsp?arnumber=11003895","Rice pest detection;feature extraction;YOLOV8n;loss function;model compression","Feature extraction;Accuracy;Diseases;Adaptation models;YOLO;Real-time systems;Computational modeling;Classification algorithms;Deep learning;Convolutional neural networks","","17","","38","CCBY","14 May 2025","2025","","IEEE","IEEE Journals"
"Comparing Six Computer Vision Techniques for Rice Pest Recognition in the Field","C. G. Harris; I. P. Andika; Y. A. Trisyono","Department of Mathematical Science, University of Northern Colorado, Greeley, CO, USA; Fakultas Teknobiologi, Universitas Atma Jaya, Yogyakarta, Indonesia; Department of Plant Protection, Universitas Gadjah Mada, Yogyakarta, Indonesia",2023 7th IEEE Congress on Information Science and Technology (CiSt),"5 Feb 2024","2023","","","160","165","The brown planthopper (BPH) is an agricultural pest that causes up to ten percent reduction in annual rice crop yields across a wide range of countries, from Pakistan to Japan. Identifying agricultural pests using computer vision techniques has recently gained attention as a research area. However, most studies evaluate these pests under artificial conditions, which limits their external validity. In this paper, we utilize six computer vision algorithms (BRIEF, HOG, LBP, SIFT, SURF, and ORB) to identify BPH from field photos. We evaluate each algorithm’s precision, recall, and accuracy and aim to demonstrate the feasibility and effectiveness of the best methods for designing, implementing, and applying pest identification.","2327-1884","978-1-6654-6133-7","10.1109/CiSt56084.2023.10409935","","https://ieeexplore.ieee.org/stamp/stamp.jsp?arnumber=10409935","computer vision;ORB;BRIEF;HOG;LBP;SIFT;SURF;pest detection;pest identification.","Computer vision;Information science","","","","19","IEEE","5 Feb 2024","16-22 Dec. 2023","16-22 Dec. 2023","IEEE","IEEE Conferences"
"Design and Implementation of Wheat Disease and Pest Identification and Auxiliary Decision-making System Based on Improved YOLOv8","Z. Jin; S. T. C. Hooi; N. H. Bakar; U. Ihsan; P. Narputro","Taylors University, Kuala Lumpur, Malaysia; Taylors University, Kuala Lumpur, Malaysia; Taylors University, Kuala Lumpur, Malaysia; Taylors University, Kuala Lumpur, Malaysia; Nusa Putra University, Indonesia",2025 International Conference on Metaverse and Current Trends in Computing (ICMCTC),"17 Oct 2025","2025","","","1","12","In recent years, crop pest and disease precision agriculture and efficient farmland management has been widely used convolutional neural networks (CNNs) based detection technology, enabling real-time monitoring of the health status of wheat in the field and thus effectively preventing and controlling the spread of diseases. This study proposes a wheat pest and disease identification and auxiliary decision-making system based on an improved YOLOv8 network. Integrating the EfficientViT backbone network with the dilation-wise residual (DWR) attention module is anticipated to markedly enhance the precision and efficacy of small target pest and disease identification. The EfficientViT backbone network integrates an efficient Transformer self-attention mechanism with lightweight convolutional operations, aimed at improving the network’s feature extraction capabilities and global semantic comprehension in intricate agricultural contexts. The DWR module, through a two-step method of region residualization and semantic residualization, will effectively capture multi-scale contextual information, optimize the feature fusion process, and improve the ability to recognize subtle pest characteristics. The enhanced YOLOv8 network is anticipated to markedly surpass several performance metrics relative to the original model, while concurrently preserving a high real-time detection velocity, thereby fulfilling the requirements for efficient and precise detection in agricultural output. To verify this conjecture, I designed ablation experiments and horizontal comparison experiments. The results of the experiments will verify how much the proposed improvement plan has improved the recall rate and mAP @ 0.5 compared to the baseline model. has improved. This will fully verify its advantages in detecting small targets in complex environments. The system is expected to provide some solid theoretical foundation for the development of an expert system for farmland, while also providing strong support for guiding scientific decision-making in agricultural production. It has important theoretical and practical application value.","","979-8-3315-3821-7","10.1109/ICMCTC62214.2025.11196735","","https://ieeexplore.ieee.org/stamp/stamp.jsp?arnumber=11196735","Wheat diseases;YOLOv8;EfficientViT;Residual module;Multi-scale feature extraction","Precision agriculture;Accuracy;Computational modeling;Semantics;Decision making;Production;Feature extraction;Transformers;Real-time systems;Diseases","","","","24","IEEE","17 Oct 2025","10-11 April 2025","10-11 April 2025","IEEE","IEEE Conferences"
"PestGPT: Leveraging Large Language Models and IoT for Timely and Customized Recommendation Generation in Sustainable Pest Management","Z. Yuan; K. Liu; R. Peng; S. Li; D. Leybourne; N. Musa; H. Huang; P. Yang","University of Sheffield, United Kingdom; Hong Kong Polytechnic University, Hong Kong; University of Sheffield, United Kingdom; University of Sheffield, United Kingdom; University of Liverpool, United Kingdom; ADAS, United Kingdom; Institute of Intelligent Machines, Chinese Academy of Sciences, China; University of Sheffield, United Kingdom",IEEE Internet of Things Magazine,"24 Dec 2024","2025","8","1","26","33","In response to the escalating food crisis caused by global population growth, precision or smart agriculture has been proposed as a promising solution to achieve efficient and sustainable agricultural production through the Internet of Things (IoT), Data Analytics, and Artificial Intelligence (AI). Although much work has been proposed and proven to be effective in practical application scenarios, such as optimised water utilisation through smart irrigation systems, numerous studies exploring agricultural pest management solutions are limited to pest monitoring and lack the integration of management recommendation generation due to the reliance on agricultural expert knowledge. With the advancement of computer technology, especially for the large language models (LLMs), the combination of IoT and LLMs provides a feasible solution to this limitation by automating the observation data analysis process of agricultural experts. Therefore, this article proposes a framework that integrates with IoT and LLMs to provide users with accurate and customised pest management recommendations based on environmental information from edge devices. In the proposed framework, LLMs incorporate an explicit expert knowledge base to mitigate hallucinations. The proposed framework is deployed in an online farm management platform and is evaluated in a real-world application scenario. After quantitative analysis and validation with real-world application scenarios, we report on the limitations and future directions of the LLMs in the agricultural sector.","2576-3199","","10.1109/IOTM.001.2400036","","https://ieeexplore.ieee.org/stamp/stamp.jsp?arnumber=10815049","","Smart agriculture;Irrigation;Data analysis;Accuracy;Statistical analysis;Large language models;Knowledge based systems;Production;Internet of Things;Monitoring;Food security;Precision agriculture;Smart agriculture;Pest control","","12","","14","IEEE","24 Dec 2024","January 2025","","IEEE","IEEE Magazines"
"Robust Image Segmentation for Crops based on the Combination of Multiple Color Index Transformation and Fuzzy Clustering","Q. Huang","Beijing Commercial Machinery Research Institute of China, Federation of Supply and Marketing Cooperatives",2021 5th International Conference on Communication and Information Systems (ICCIS),"21 Dec 2021","2021","","","139","143","Computer vision has been paid more and more attention in crop pest detection, crop growth monitoring, and weed identification, where the image segmentation technique is the core process. Many traditional methods are sensitive to the illumination variation, and lack enough robustness to the noise existing in the image. In this paper, to cover these shortages, we first propose a new color index integrating with three previous color indexes to transform the plant image from the RGB space into the gray level space. The novel color index, equipped with low sensitivity to the light changes, would enhance the green pixels and blur the background and the soil. Furthermore, the grayscale image is separated by the fuzzy c-means clustering with spatial constraints and its kernel version, in which the kernelization method can reduce the impact of outliers. Finally, experiments on three types of crop images testify the feasibility and superiority of the proposed approaches.","","978-1-6654-2216-1","10.1109/ICCIS53528.2021.9645770","","https://ieeexplore.ieee.org/stamp/stamp.jsp?arnumber=9645770","image segmentation;color index;fuzzy clustering","Image segmentation;Sensitivity;Image color analysis;Crops;Transforms;Soil;Robustness","","","","17","IEEE","21 Dec 2021","15-17 Oct. 2021","15-17 Oct. 2021","IEEE","IEEE Conferences"
"Comparative Study of Computer Vision Models for Insect Pest Identification in Complex Backgrounds","G. L. Tenório; F. F. Martins; T. M. Carvalho; A. C. Leite; K. Figueiredo; M. Vellasco; W. Caarls","Electrical Engineering Department, Pontifical Catholic University of Rio de Janeiro, Rio de Janeiro, Brazil; Electrical Engineering Department, Pontifical Catholic University of Rio de Janeiro, Rio de Janeiro, Brazil; Electrical Engineering Department, Pontifical Catholic University of Rio de Janeiro, Rio de Janeiro, Brazil; Electrical Engineering Department, Pontifical Catholic University of Rio de Janeiro, Rio de Janeiro, Brazil; Department of Informatics and Computer Science, Rio de Janeiro State University (UERJ), Rio de Janeiro, Brazil; Electrical Engineering Department, Pontifical Catholic University of Rio de Janeiro, Rio de Janeiro, Brazil; Electrical Engineering Department, Pontifical Catholic University of Rio de Janeiro, Rio de Janeiro, Brazil",2019 12th International Conference on Developments in eSystems Engineering (DeSE),"23 Apr 2020","2019","","","551","556","Agriculture is considered the economic basis of countries around the globe, and the development of new technologies contributes to the harvesting efficiency. Autonomous vehicles are used in farms for seeding, harvesting and tasks like pesticide application. However, one of the main issues of any plantation is insect pest and disease identification, essential for pest control and maintenance of healthy plants. This work presents and compares three methods for insect pest identification using computer vision: Deep Convolutional Neural Network (DCNN), as a baseline; Hierarchical Deep Convolutional Neural Network (HD-CNN), in order to improve prediction of similar classes; and Pixel-wise Semantic Segmentation Network (SegNet). They were tested for two kinds of culture, soybean and cotton. SegNet outperformed both approaches by a wide margin: the methods had respective accuracies of 70.14% DCNN, 74.70% HD-CNN and 93.30% SegNet.","2161-1351","978-1-7281-3021-7","10.1109/DeSE.2019.00106","","https://ieeexplore.ieee.org/stamp/stamp.jsp?arnumber=9073250","Pixel-wise semantic segmentation;hierarchical learning;image processing;pest identification;deep learning","Insects;Image segmentation;Task analysis;Cotton;Training;Semantics;Feature extraction","","4","","21","IEEE","23 Apr 2020","7-10 Oct. 2019","7-10 Oct. 2019","IEEE","IEEE Conferences"
"A High Accuracy Deep Learning and Iot Network for Pest Detection Using Analysis of The Pest Sound in Large Agriculture Area","M. A. Ali; A. K. Sharma; R. K. Dhanaraj","School of Computing Science and Engineering, Galgotias University, Greater Noida, U.P, India; School of Computing Science and Engineering, Galgotias University, Greater Noida, U.P, India; Symbiosis Institute of Computer Studies and Research, Symbiosis International (Deemed University), Pune, India","2023 International Conference on Advances in Computation, Communication and Information Technology (ICAICCIT)","20 Mar 2024","2023","","","588","593","The significance of agriculture in ensuring human survival in the contemporary day necessitates enhancing crop yields. Pest infestations have the potential to cause harm or hinder the growth of crops, hence exerting a negative impact on agricultural productivity. Therefore, it is imperative to initiate agricultural pest identification and management measures promptly. Pest surveillance poses significant hazards, requires extensive physical effort, and is labor-intensive. The combination of emerging AI and IoT technologies has the reliability of pest identification in agriculture. These advancements enable autonomous control of maintenance chores, leading to improved outcomes in pest management. The present work introduces an innovative technique for the real-time identification of pests by leveraging the IoT and DL algorithms. The pest identification technique DConvNet was trained using pest audio sound, preprocessed by Planck-taper filter, DPSS approach, non-overlap-add method, and features extracted by LPCC and GMM methods. This study illuminates the aspirations of the IoT and AI in pest monitoring in agricultural settings, with the benefit of minimizing the need for human involvement to maintain constant vigilance. The DConvNet system demonstrated high accuracy in automating pest identification, as evidenced by extensive agricultural field experiences. The proposed model achieved superior performance compared to KNN, ANN, VGG-16, and EfficientNet B3 in the task of pest detection, achieving an accuracy of 99.72%, recall (99.78%), and F1 score (99.86%).","","979-8-3503-4438-7","10.1109/ICAICCIT60255.2023.10466134","","https://ieeexplore.ieee.org/stamp/stamp.jsp?arnumber=10466134","Pest identification;AI;IoT;Sound analysis;DConvNet;LPCC","Economics;Surveillance;Pesticides;Feature extraction;Agriculture;Real-time systems;Reliability","","3","","30","IEEE","20 Mar 2024","23-24 Nov. 2023","23-24 Nov. 2023","IEEE","IEEE Conferences"
"A Raspberry Pi Microcontroller-based Insect Pests Detection, Counting and Logging System in Eggplants using SSD Lite MobileNetV2","R. G. Garcia; M. S. N. Bicol; A. M. E. Cababat; J. C. A. Pontigon","School of EECE, Mapúa University; School of EECE, Mapúa University; School of EECE, Mapúa University; School of EECE, Mapúa University","2021 IEEE 13th International Conference on Humanoid, Nanotechnology, Information Technology, Communication and Control, Environment, and Management (HNICEM)","16 Mar 2022","2021","","","1","6","Scouting is a good practice for monitoring the crop’s performance and the management of the insect pests present on the crop. The need to identify and control the risks of pest infestations and diseases are vital such that it affects the quality and compromises the sustainability of the crop. Hence, it is essential to keep a well-defined record for insect pest management, which includes the detection and the number of the insect pests present. To lessen the labor and provide a healthy and well-grown eggplant for the farmers, a Microcontroller system can be used to supervise the crops and the insect pests present, which will greatly benefit not only the eggplant farmers, but also all the farmers associated in the agricultural field. The inputs are captured from the device that is placed specifically in the leaves of the eggplant. The output is then logged to the system which shows the insect count. The system provides a 100% detection rate for moths (fully grown EFSB), 83.33% for aphids and 85.7% for whiteflies as per calibration. As for the gathered data, the system obtained a 90.48% detection rate. Moreover, the device is greatly suitable for insect pests monitoring especially for home set-up crops.","","978-1-6654-0167-8","10.1109/HNICEM54116.2021.9731906","","https://ieeexplore.ieee.org/stamp/stamp.jsp?arnumber=9731906","Scouting;Insect Pest Management;Microcontroller System;Recordkeeping","Microcontrollers;Insects;Crops;Real-time systems;Calibration;Spreadsheet programs;Sustainable development","","5","","12","IEEE","16 Mar 2022","28-30 Nov. 2021","28-30 Nov. 2021","IEEE","IEEE Conferences"
"Automatic Classification and Detection of Insect Pests Using Deep Transfer Learning","A. Raza; J. A. Khan; I. Ahmad; M. W. Nisar","Department of Informatics, Modeling, Electronics, and Systems (DIMES), University of Calabria, Italy; Department of Computer Science, University of Hertfordshire, Hatfield, UK; Digital Transition, Innovation, and Health Services, Leonardo da Vinci Telematic University, Chieti, Italy; Department of Computer Science, COMSATS University Islamabad, Wah Campus, Pakistan",2024 International Conference on Frontiers of Information Technology (FIT),"17 Jan 2025","2024","","","1","6","The growth of most significant field crops, including rice, wheat, maize, soybeans, and sugarcane, is inhibited by pest attacks, and numerous insect species decrease crop productivity. Additionally, manually recognizing and identifying pests takes time and effort. Therefore, early analysis and automatic detection and classification of insect pests are necessary to save crops from different insect pests. For this purpose, machine learning (ML) approaches have recently been widely used to classify and detect various insect attacks on crops. Misclassification of insect pests may lead to using the wrong pesticides, causing harm to agricultural yields and the surrounding environment. In this work, we employ nine deep learning (DL) pre-trained algorithms to record their performance in identifying, detecting, and classifying various insect attacks on crops. For this purpose, we adopted two popular ten-class crop pest datasets (small-scale and large-scale) to evaluate the different transfer learning (TL) algorithms. The TL algorithms selected for identifying and classi-fying insect pests are: XceptionNet, InceptionNetV3, GoogleNet, ResNet-50, ResNet-lOl, ShuffieNet, DarkNet-53, DenseNet201, and MobileNetV2. Our experimental results demonstrate that the XceptionNet and ResNet-50 TL algorithms performed ex-ceptionally well in identifying agricultural pests with 99.70% and 98.70 % accuracy, respectively, outperforming other TL algorithms.","2473-7569","979-8-3315-1050-3","10.1109/FIT63703.2024.10838352","","https://ieeexplore.ieee.org/stamp/stamp.jsp?arnumber=10838352","Deep Learning;Transfer Learning;Pest Classification;Agricultural Insects;Crop Protection","Productivity;Deep learning;Machine learning algorithms;Insects;Transfer learning;Crops;Pesticides;Classification algorithms;Protection;Information technology","","","","23","IEEE","17 Jan 2025","9-10 Dec. 2024","9-10 Dec. 2024","IEEE","IEEE Conferences"
"Recent Advances in Plant Diseases Detection With Machine Learning: Solution for Developing Countries","J. O. Adeola; J. Degila; M. Zennaro","Dept. Computer Science, Institut de Mathématiques et des Sciences Physiques(IMSP), Porto-Novo, Benin; Dept. Computer Science, Institut de Mathématiques et des Sciences Physiques(IMSP), Porto-Novo, Benin; Dept. Computer Science, International Center for Theoretical Physics (ICTP), Trieste, Italy",2022 IEEE International Conference on Smart Computing (SMARTCOMP),"14 Jul 2022","2022","","","374","380","The agricultural sector faces several challenges in its efforts to increase its production. One of the major challenges is diseases and insect pests that destroy plants and lead to a decrease in production. The paper addresses precision agriculture and presents the most recent related work on techniques for early detection of plant diseases and insects. Specifically, the paper presents two classes of techniques: first, The application of Image Processing Techniques associated with Machine Learning Algorithms, and second the application of deep learning, in disease detection and recognition. These techniques are discussed and compared. As they require powerful computing equipment that requires a constant power supply and a high bandwidth for their implementation, we propose a new solution more accessible to developing countries, which is based on Tiny Machine Learning (TinyMl), the emerging technology of embedded Machine Learning. Although the TinyMl is running Machine Learning on cheap and low energy devices, it can infer from the models obtained from the machine learning algorithms. The idea is to get the model after training, and then convert it into a lite model with a size that can be inserted into devices with external memory. Implementation issues are discussed.","2693-8340","978-1-6654-8152-6","10.1109/SMARTCOMP55677.2022.00083","","https://ieeexplore.ieee.org/stamp/stamp.jsp?arnumber=9821066","Machine Learning;Deep Learning;Image processing;Plant diseases and insect pest recognition;Tiny Machine Learning;embedded device","Deep learning;Machine learning algorithms;Power supplies;Insects;Biological system modeling;Computational modeling;Production","","6","","29","IEEE","14 Jul 2022","20-24 June 2022","20-24 June 2022","IEEE","IEEE Conferences"
"Agricultural Pest Super-Resolution and Identification With Attention Enhanced Residual and Dense Fusion Generative and Adversarial Network","Q. Dai; X. Cheng; Y. Qiao; Y. Zhang","School of Information and Computer, Anhui Agricultural University, Hefei, China; School of Computer Science and Engineering, Nanjing University of Science and Technology, Nanjing, China; School of Information and Computer, Anhui Agricultural University, Hefei, China; School of Information and Computer, Anhui Agricultural University, Hefei, China",IEEE Access,"13 May 2020","2020","8","","81943","81959","The growth of the most significant field crops such as rice, wheat, maize, and soybean are influenced because of various pests. And crop production is decreased due to various categories of insects. Deep learning technologies significantly increased the efficiency of identifying and controlling agricultural pests attack. However, agricultural pests images obtained are often obscure and unclear because of the sparse density of cameras deployed in the real farmland. This always makes pests difficult to recognize and monitor. Additionally, the existing classification and segmentation methods are not satisfying for the identification of low-resolution images because they are pre-trained on the clear and high-resolution datasets. Therefore, it is crucial to restore and upscale the obtained low-resolution pest images in order to improve classification accuracy and the recall rate of the instance segmentation. In this paper, we propose a generative adversarial network (GAN) with quadra-attention and residual and dense fusion mechanisms to transform low-resolution pest images. Compared with previous state-of-the-art PSNR-oriented super-resolution methods, our proposed method is more powerful in image reconstruction and achieves the state of the art performance. The experiment results show that after reconstructing with our proposed gan, the recall rate increased by 182.89% and classification accuracy also improved a lot. Besides, our proposed method could decrease the density of the camera layout in the agricultural Internet of Things (IOT) monitor systems and the cost of infrastructure, which is practical for real-world applications.","2169-3536","","10.1109/ACCESS.2020.2991552","National Key Research and Development Project of China(grant numbers:2017YFD0301303); 2019 National Undergraduate Training Programs for Innovation and Entrepreneurship(grant numbers:201910364073); Anhui Provincial Natural Science Foundation; ","https://ieeexplore.ieee.org/stamp/stamp.jsp?arnumber=9082695","Agricultural pests;super-resolution;classification;object instance segmentation;deep learning;quadra-attention;residual and dense fusion","Agriculture;Insects;Image segmentation;Deep learning;Generative adversarial networks;Diseases","","39","","41","CCBY","30 Apr 2020","2020","","IEEE","IEEE Journals"
"A Deep Learning–Based Approach for Classifying Diseases Affecting Banana Leaves","G. L. Reddy; R. C.","Department of Electronics and Communication, Humanitarian Technology (HuT) Labs, Amrita Vishwa Vidyapeetam, Amritapuri, India; Department of Electronics and Communication, Humanitarian Technology (HuT) Labs, Amrita Vishwa Vidyapeetam, Amritapuri, India",2025 International Conference on Robotics and Mechatronics (ICRM),"28 Jan 2026","2025","","","1","5","Banana scientifically known as Musa, is one of the most widely cultivated and consumed fruit across the planet. It is mainly grown in the South Asian region, followed by North America, and the central parts of the African continent. Despite its economic and nutritional importance, banana remains highly susceptible to various fungal, bacterial, and viral diseases, which can significantly affect plant health, and lower yield. To address this challenge, the study proposed an automated disease classification system based on Convolution Neural Networks (CNNs). The system is designed to classify banana leaf images into multiple disease categories like, Cordana, Pestalotiopsis, Black Sigatoka, Bract Mosaic Virus, Insect Pest Damage, Moko, Panama Disease, Yellow Sigatoka, and recognise healthy leaves. The study employed MobileNetV2 and ResNet-50 to classify banana leaf disease into multiple categories. Different optimization strategies and learning rates were tested to improve performance. Among all configurations, MobileNetV2 with AdamW optimizer and learning rate of 0.0001 achieved the highest validation accuracy of 99.59%. This result demonstrates the model’s effectiveness for accurate disease classification, supporting its use in real world agricultural applications.","","979-8-3315-7548-9","10.1109/ICRM66809.2025.11349111","","https://ieeexplore.ieee.org/stamp/stamp.jsp?arnumber=11349111","Plant Disease Detection;Banana Leaf Disease Detection;Convolution Neural Networks (CNNs);Deep Learning;MobileNetV2;ResNet","Plant diseases;Accuracy;Convolution;Biological system modeling;Neural networks;Crops;Real-time systems;Viruses (medical);Robots;Diseases","","","","18","IEEE","28 Jan 2026","7-8 Nov. 2025","7-8 Nov. 2025","IEEE","IEEE Conferences"
"Tiny-MobileNet-SE: A Hybrid Lightweight CNN Architecture for Resource-Constrained IoT Devices","J. P. Nyakuri; C. Nkundineza; O. Gatera; K. Nkurikiyeyezu","African Centre of Excellence in Internet of Things (ACEIoT), College of Science and Technology, University of Rwanda, Kigali, Rwanda; African Centre of Excellence in Internet of Things (ACEIoT), College of Science and Technology, University of Rwanda, Kigali, Rwanda; African Centre of Excellence in Internet of Things (ACEIoT), College of Science and Technology, University of Rwanda, Kigali, Rwanda; African Centre of Excellence in Internet of Things (ACEIoT), College of Science and Technology, University of Rwanda, Kigali, Rwanda",IEEE Access,"27 Jun 2025","2025","13","","108389","108401","Traditional Convolutional Neural Network (CNN) architectures face challenges in deployment on resource-constrained devices such as Internet of Things (IoT) platforms, mobile applications, and drones due to their computational intensity and memory requirements. This limitation motivates the development of lightweight models that maintain high performance with minimal resource consumption. This paper introduces Tiny-MobileNet-SE, a novel hybrid CNN architecture designed for image classification tasks under critical resource-constrained environments. This architecture integrates Squeeze-and-Excitation (SE) blocks for adaptive feature recalibration, Batch Normalization (BN) for accelerated convergence, and applies knowledge distillation techniques from MobileNetV2 for enhanced feature generalization. We conducted comprehensive experimentation to validate its performance across various metrics, including accuracy, number of parameters, and model size. Experimental results show that Tiny-MobileNet-SE achieved superior performance with a significantly reduced model size (0.72 MB) and a smaller number of parameters (482 K) compared to conventional lightweight CNNs, reaching up to 98.6% validation accuracy on real-world crop pest and disease datasets. This innovative architecture contributes to bridging the gap between computational efficiency and classification accuracy, enabling deep learning (DL) models to be deployed on small mobile, embedded, and IoT devices with minimized resource consumption.","2169-3536","","10.1109/ACCESS.2025.3582055","","https://ieeexplore.ieee.org/stamp/stamp.jsp?arnumber=11048474","Deep learning (DL);convolutional neural network (CNN);Internet of Things (IoT);resource constrained environment;computational efficiency;Tiny-MobileNet-SE","Computational modeling;Computer architecture;Accuracy;Convolutional neural networks;Internet of Things;Computational efficiency;Adaptation models;Training;Tensors;Performance evaluation","","6","","40","CCBY","23 Jun 2025","2025","","IEEE","IEEE Journals"
"LC-PestVit: A Lightweight Pest and Disease Classification Model","J. Lai; H. -C. Hsiang","School of Artificial Intelligent Xiamen Institute of Technology, Xiamen, China; School of Artificial Intelligent Xiamen Institute of Technology, Xiamen, China",2025 IEEE 12th Joint International Information Technology and Artificial Intelligence Conference (ITAIC),"18 Sep 2025","2025","12","","1342","1346","Plant diseases and insect pests represent substantial threats to global agricultural productivity, necessitating timely and precise pest identification as a fundamental component of intelligent agricultural management. In response to these challenges, this study introduces an efficient classification model that integrates convolution and linear attention mechanisms to balance classification accuracy with computational efficiency. Initially, we introduce a backbone network designed to extract features from both spatial and channel domains, effectively minimizing computational resource consumption through convolutional computation. Subsequently, we enhance the module by substituting traditional attention mechanisms with large-kernel convolution operations, capitalizing on their global feature perception capability to enhance the model’s precision in detecting subtle pest-related characteristics. Ultimately, we propose a novel architecture termed LC-PestVit (Large Convolution Pest Vision Transformer), which synergistically combines both mechanisms, facilitating efficient recognition while reducing deployment complexity on edge devices. Experiments conducted using the IP102 pest dataset validate the model’s effectiveness. The experimental results indicate that our model achieves a 76% classification accuracy with a computational cost of 4.2G FLOPs. Ablation studies further confirm that the large-kernel convolutional attention mechanism enhances performance by 6.3% compared to baseline models.This research demonstrates that the collaborative design of convolution and attention mechanisms can overcome existing model performance bottlenecks, offering a novel technical pathway for lightweight, high-precision classification in agricultural contexts.","2693-2865","979-8-3315-3128-7","10.1109/ITAIC64559.2025.11163058","","https://ieeexplore.ieee.org/stamp/stamp.jsp?arnumber=11163058","Deep learning;insect pest classification;CNNs;crop pests and diseases","Performance evaluation;Attention mechanisms;Accuracy;Convolution;Computational modeling;Insects;Image edge detection;Feature extraction;Computational efficiency;Context modeling","","","","23","IEEE","18 Sep 2025","23-25 May 2025","23-25 May 2025","IEEE","IEEE Conferences"
"Image based approaches to Detect and Classify the flying insects in Computational Entomology","N. Kumar; Nagarathna","Department of CSE, Vidyavardhaka College of Engineering, Mysuru, Karnataka, India; Department of CSE, PES College of Engineering, Mandya, Karnataka, India",2024 Second International Conference on Emerging Trends in Information Technology and Engineering (ICETITE),"18 Apr 2024","2024","","","1","7","Insects play an important role in determining crop productivity and quality. Digital image processing can be used for insect identification. Deep learning has significantly outperformed conventional methods in the field of digital image processing in recent years. Researchers' top research concerns now centre on how to identify plant diseases and pests using deep learning technologies. This manuscript defines the issue of insect detection and makes a comparison on various conventional DL insect detection techniques with experimental study and summarizes the recent deep learning research on insect detection based on differences in network structure, along with the benefits and drawbacks of each approach. Common datasets are introduced, and the results of previous investigations are examined. In addition, possible solutions and research ideas are proposed for the challenges, and several suggestions are given. Finally, this study gives the analytics and prospect of the future trend of insect detection based on deep learning.","","979-8-3503-2820-2","10.1109/ic-ETITE58242.2024.10493694","","https://ieeexplore.ieee.org/stamp/stamp.jsp?arnumber=10493694","Entomology;Classification;Insect pest;Deep learning","Deep learning;Training;Productivity;Plant diseases;Insects;Digital images;Market research","","1","","21","IEEE","18 Apr 2024","22-23 Feb. 2024","22-23 Feb. 2024","IEEE","IEEE Conferences"
"Citrus Diseases and Pests Detection Model Based on Self-Attention YOLOV8","D. Luo; Y. Xue; X. Deng; B. Yang; H. Chen; Z. Mo","College of Electronic Engineering (College of Artificial Intelligence), South China Agricultural University, Guangzhou, China; College of Electronic Engineering (College of Artificial Intelligence), South China Agricultural University, Guangzhou, China; College of Electronic Engineering (College of Artificial Intelligence), South China Agricultural University, Guangzhou, China; College of Electronic Engineering (College of Artificial Intelligence), South China Agricultural University, Guangzhou, China; Guangzhou Tianhui Technology Company Ltd., Guangzhou, China; Lianzhou Haicheng Agricultural Science and Technology Development Company Ltd., Qingyuan, China",IEEE Access,"18 Dec 2023","2023","11","","139872","139881","Effective and timely detection of citrus diseases and pests is crucial for preserving crop health, optimizing agricultural yield, and mitigating economic losses. Although deep learning has greatly improved the accuracy of pest and disease identification, small pest and disease targets, and complex citrus orchard scenarios have brought great challenges to pest and disease identification. To solve these difficulties, the Light-SA YOLOV8 (Lightweight Self-Attention YOLOV8) model is introduced, tailored specifically for real-time detection within intricate natural settings. The model addresses challenges presented by complex backgrounds, such as uneven lighting and reflections on citrus leaves and fruits, by incorporating the BRA self-attention mechanism module before the SPPF layer in the backbone, while achieve flexible computation allocation and content awareness. Furthermore, to streamline computational complexity, the backbone incorporates the FasterNet Block. Moreover, to elevate precision and computational efficiency in the detection of citrus diseases and pests, an innovative feature fusion technique known as the AFPN (asymptotic characteristic pyramid network) structure is introduced at the Neck. The constructed dataset includes five types of diseases: anthracnose, citrus canker, melanosis, scab, and bacterial brown spot-along with one type of insect pest, the citrus shallow leaf moth. The experimental findings showcase the Light-SA YOLOV8 model’s robust performance, boasting an average detection accuracy of 92.6% across the six disease and pest categories within the test dataset. Achieving an mAP@0.5 of 92.5%, the model swiftly detects individual images in a mere 3.4ms, while consuming only 4.5MB of memory. Notably, in comparison to the original YOLOV8n, the Light-SA YOLOV8 model demonstrates remarkable enhancements in both detection accuracy and computational efficiency. It showcases a 2.8% surge in precision (P), a 0.9% improvement in mAP@0.5, and a substantial 20.7% reduction in computational workload. Additionally, when contrasted with Faster RCNN, YOLOV3-tiny, YOLOV8n, and YOLOV5n, the Light-SA YOLOV8 model exhibits an average increase in detection precision of 8.8%, 6%, 2.8%, and 1.8%, respectively. These results underscore the model’s superior performance in precision and computational efficiency compared to existing models. This research offers valuable insights for real-time plant pest and disease detection in natural environments with unstructured backgrounds.","2169-3536","","10.1109/ACCESS.2023.3340148","Independent Research and Development Projects of Maoming Laboratory(grant numbers:2022KF008); Qingyuan Science and Technology Plan Project(grant numbers:2022KJJH073); ","https://ieeexplore.ieee.org/stamp/stamp.jsp?arnumber=10345622","Citrus;disease and pest detection;target detection;YOLOV8;lightweight","Diseases;Feature extraction;Computational modeling;Routing;Resource management;Load modeling;Crops;Agriculture;YOLO","","69","","21","CCBYNCND","5 Dec 2023","2023","","IEEE","IEEE Journals"
"TinyML Implementation on Microcontrollers: The Case of Maize Leaf Disease Identification","F. A. Wulnye; E. A. Essanoah Arthur; D. A. Nana Gookyi; D. Kwaku Pobi Asiedu; M. Wilson; J. O. Agyemang","Department of Telecommunication Engineering, Kwame Nkrumah University of Science and Technology, Kumasi, Ghana; Department of Telecommunication Engineering, Kwame Nkrumah University of Science and Technology, Kumasi, Ghana; Institute for Scientific and Technological Information Council for Scientific and Industrial Research, Accra, Ghana; Department of Mathematical and Electrical Engineering, IMT-Atlantique, Brest, France; Institute for Scientific and Technological Information Council for Scientific and Industrial Research, Accra, Ghana; Department of Telecommunication Engineering, Kwame Nkrumah University of Science and Technology, Kumasi, Ghana",2024 Conference on Information Communications Technology and Society (ICTAS),"25 Apr 2024","2024","","","180","185","Maize, a crucial global food crop, faces various diseases affecting agricultural yield and quality, which must be monitored. This study employs advanced Convolutional Neural Network (CNN) architecture for efficient maize leaf disease detection and classification. The proposed CNN maize disease detection (MDD) development involves optimization, data augmentation, batch size, and fine-tuning strategies in addition to properly selecting and using maize leaf images from Kaggle, Harvard Dataverse, and Mendeley as Dataset. The detailed assessment of the CNN-MDD through splitting of data into training and testing sets reveals significant correlations among maize leaf classifications and the impact of data augmentation on images. After the training phase, the CNN-MDD was deployed on a Microcontroller Unit (MCU) simulation model. The deployed MCU model for the CNN-MDD optimization parameters recorded a latency of 7.60 ms, a Random-Access Memory (RAM) size of 726.60 KB, a classifier flash size of 344.70 KB, and an accuracy of 94.60%. These optimized parameters show a high compatibility rate with our MCU specifications. In addition, our proposed CNN-MDD MCU technology also emphasizes leveraging low-cost edge devices like Arduino Ble 33 Sense for practical crop pest and disease identification in sub-Saharan African countries like Ghana. This research was accompanied with deliverables including the coalition and creation of a Ghanaian maize crop pest and disease dataset and the development and deployment of an optimal and low-cost CNN-MDD MCU edge device. These efforts aim to provide local Ghanaian and Sub-Saharan African farmers with a swift, offline solution for MDD, fostering sustainable agricultural practices.","","979-8-3503-1491-5","10.1109/ICTAS59620.2024.10507115","Ministry of Education; ","https://ieeexplore.ieee.org/stamp/stamp.jsp?arnumber=10507115","Convolutional Neural Network;maize leaf disease;optimization;microcontroller unit","Training;Microcontrollers;Crops;Random access memory;Data augmentation;Convolutional neural networks;Object recognition","","4","","21","IEEE","25 Apr 2024","7-8 March 2024","7-8 March 2024","IEEE","IEEE Conferences"
"Deep Learning with Multi-Source Data Augmentation for Accurate Cotton Disease Recognition","L. Song; Z. Chen","Department of Energy and Control Engineering, Changji University, Xinjiang, Changji, China; Department of Control Science and Engineering, Shandong University, Jinan, China","2025 21st International Conference on Natural Computation, Fuzzy Systems and Knowledge Discovery (ICNC-FSKD)","20 Oct 2025","2025","","","183","188","Accurate identification of cotton diseases and insect pests is crucial for optimizing cotton yield and quality in agriculture. However, current methods for recognizing cotton diseases and insect pests exhibit limitations in sample diversity and feature extraction capabilities, hindering high-precision disease classification. This study introduces a novel approach for cotton pest recognition utilizing multi-source data augmentation and enhancements to ResNet50. By incorporating the SE (Squeeze-and-Excitation) attention module to bolster feature extraction, precise classification of cotton diseases is achievable, offering a practical and effective solution for automated agricultural pest detection. To enhance the cotton pest image dataset, diverse data augmentation techniques including rotation, inversion, and color transformations are employed to expand sample diversity and mitigate data imbalances. The SE module is integrated into the ResNet50 network architecture to improve the characterization of key disease features by dynamically adjusting channel weights. VGG-16, the original ResNet50, and AlexNet were chosen as comparative models and evaluated using publicly available datasets on cotton pests. The findings demonstrate that the proposed SE-ResNet50 model effectively classifies six types of cotton diseases and insect pests with a classification accuracy of 99.39%, surpassing the original ResNet50 model by 3.06%. Additionally, the SE-ResNet50 model excelled in recognizing leaf spot details and distinguishing between different disease types. This approach validates the efficacy of combining attention mechanisms with data augmentation in plant disease identification, offering a practical and efficient solution for automated detection of agricultural diseases and insect pests.","","979-8-3315-7535-9","10.1109/ICNC-FSKD67701.2025.11198125","Xinjiang Uygur Autonomous Region Natural Science Foundation(grant numbers:2022D01C08); ","https://ieeexplore.ieee.org/stamp/stamp.jsp?arnumber=11198125","Deep learning;Multi-source data fusion;Cotton diseases and insect pests;Image recognition","Deep learning;Accuracy;Insects;Data augmentation;Feature extraction;Data models;Cotton;Lesions;Diseases;Residual neural networks","","","","20","IEEE","20 Oct 2025","26-28 July 2025","26-28 July 2025","IEEE","IEEE Conferences"
"Real-Time Agricultural Pest Detection Enhanced via Hybrid Distillation Framework","Z. Wang; J. Huang; C. Wu; H. Ma; F. Chang; L. Ma; J. Liu; G. Tian","Ningbo Innovation Center, Zhejiang University, Ningbo, China; Ningbo Innovation Center, Zhejiang University, Ningbo, China; NingboTech University, Ningbo, China; Ningbo Lvhe Era Technology Co., Ltd, Ningbo, China; Ningbo Innovation Center, Zhejiang University, Ningbo, China; NingboTech University, Ningbo, China; Zhejiang Sci-Tech University, Hangzhou, China; Ningbo Innovation Center, Zhejiang University, Ningbo, China",2024 China Automation Congress (CAC),"13 Feb 2025","2024","","","1472","1477","We propose an improved version of the YOLOv8 model that enhances real-time agricultural pest detection performance by integrating feature distillation and relation distillation. Feature distillation focuses on transferring intermediate feature maps from the teacher model to the student model, enriching the student's intermediate representation capabilities. Additionally, relation distillation maintains the relative relationships between feature channels, further boosting the model's generalization ability and detection accuracy. In this process, the teacher model constructs a relationship graph between feature channels and conveys this structural information to the student model. This approach not only emphasizes the semantic information of the intermediate features but also incorporates the geometric relationships between channel-level features, enabling the student model to better understand and preserve the inherent structure of the data. Experimental results on the large-scale agricultural pest dataset IP102 demonstrate that this model significantly improves detection accuracy and robustness compared to the traditional YOLOv8 model. The strategy of combining feature and relation distillation showcases its practicality and potential for wide application in agricultural pest detection tasks.","2688-0938","979-8-3503-6860-4","10.1109/CAC63892.2024.10864886","","https://ieeexplore.ieee.org/stamp/stamp.jsp?arnumber=10864886","YOLOv8;IP102;Hybrid Distillation;Agriculture Pest Detection;Deep learning","Accuracy;Automation;Semantics;Feature extraction;Boosting;Real-time systems;Robustness;Data models","","","","25","IEEE","13 Feb 2025","1-3 Nov. 2024","1-3 Nov. 2024","IEEE","IEEE Conferences"
"Synergistic Fusion of Vegetation Indices and Texture for Enhanced Cropland Mapping: A Spatio-Temporal Machine Learning Perspective","M. Chen; B. Fu","Shanghai University of Electrical Engineering, School of Electronic Information, Nanhui New Town, Pudong New District, Shanghai, China; Chinese Academy of Sciences, Institute of Micro Satellite Innovation, Lingang New Area, Pudong New District, Shanghai, China","2025 6th International Conference on Computer Vision, Image and Deep Learning (CVIDL)","24 Jul 2025","2025","","","857","860","This study aims to automate sample data acquisition and identify the optimal feature combination from remote sensing imagery for delineating cropland boundaries. The objective is to enable real-time, automated extraction of cropland extent, thereby providing critical data for precision agricultural management and crop pest and disease monitoring. Utilizing high-resolution Sentinel-2 time-series data, we established 14 experimental groups based on distinct feature sets: original spectral features, vegetation index (VI) features, VI-derived texture features, and their combinations. Leveraging initial samples automatically procured from a comprehensive database, experiments were conducted using the LightGBM ensemble classifier to pinpoint the most effective experimental configuration for cropland extraction. Key findings include: (1) Temporal feature combinations derived from statistical domains outperform the direct stacking of multitemporal data features. (2) The importance of VIs for cropland extraction, ranked in descending order, is: NDTI > NDVI > LSWI > REP > NDBI > EVI. (3) Experimental groups incorporating texture features demonstrated superior accuracy compared to those relying solely on VI features, with average improvements in Accuracy, F1-score, and ROC AUC of $3.46 \%, 3.48 \%$, and 3.47 %, respectively.","","979-8-3315-2324-4","10.1109/CVIDL65390.2025.11085516","","https://ieeexplore.ieee.org/stamp/stamp.jsp?arnumber=11085516","Cropland extraction;Texture features;Machine learning;Spatio-temporal features;Multi-dimensional feature fusion","Accuracy;Normalized difference vegetation index;Databases;Stacking;Vegetation mapping;Enhanced vegetation index;Feature extraction;Real-time systems;Data mining;Remote sensing","","1","","8","IEEE","24 Jul 2025","23-25 May 2025","23-25 May 2025","IEEE","IEEE Conferences"
"Agricultural Pest and Disease Detection Method for UAV Based on Improved YOLOv11n","W. Yao; R. Zhang; M. Pei; X. Li","Communication and Network Laboratory, Dalian University, Dalian, China; Communication and Network Laboratory, Dalian University, Dalian, China; Communication and Network Laboratory, Dalian University, Dalian, China; Communication and Network Laboratory, Dalian University, Dalian, China",2025 IEEE International Conference on Unmanned Systems (ICUS),"23 Dec 2025","2025","","","999","1004","To address the problems of small targets, significant background interference, and high missed detection rates in low-altitude Unmanned Aerial Vehicles (UAV)-based agricultural pest and disease detection, this study proposes a detection algorithm based on improved YOLOv11n of You Only Look Once (YOLO). The algorithm enhances detection accuracy and efficiency through multi-module optimization. The proposed algorithm introduces Asymmetric Padding Bottle Neck (APBN) into the backbone network, leveraging the asymmetric padding and grouped convolution mechanism of pinwheel-shaped convolution to enhance feature extraction capability. It designs the embedding of Multi-Scale Channel Attention Module (MSCAM) into the Convolutional block with Parallel Spatial Attention (C2PSA) module, utilizing multi-scale convolution kernels to fuse features from different levels, thereby improving detection capability for multi-scale pests and diseases. In the neck network, it designs Content-Guided Simple Attention (CGSA), which integrates spatial, channel, and pixel-level attention to strengthen target feature representation. Experimental results show that compared with other algorithms, the proposed APBN-MSCAM-CGSA-YOLO (AMC-YOLO) algorithm achieves significant improvements in Precision (P), Recall (R), and Mean Average Precision (MAP), while maintaining lightweight advantages in parameters and floating point operations (FLOPs). It provides an efficient technical solution for agricultural pest and disease control.","2771-7372","979-8-3315-2672-6","10.1109/ICUS66297.2025.11294315","","https://ieeexplore.ieee.org/stamp/stamp.jsp?arnumber=11294315","APBN;MSCAM;CGSA;YOLOv11n;Pest and disease detection;Low-altitude UAV","YOLO;Convolution;Semantics;Interference;Feature extraction;Autonomous aerial vehicles;Neck;Kernel;Spatial resolution;Diseases","","1","","16","IEEE","23 Dec 2025","18-19 Sept. 2025","18-19 Sept. 2025","IEEE","IEEE Conferences"
"Pest Detection and Identification on Plants Using CNN Algorithm: A survey","A. Kalaiarasi; N. Kumareshan; R. Kanmani; M. Dinesh Kumar; R. Dharun Pandian; N. Barath","Sri shakthi institute of engineering and technology, Coimbatore; Sri Eshwar College of Engineering, Kinathukadavu, Coimbatore; Sri Eshwar College of Engineering, Kinathukadavu, Coimbatore; Sri Eshwar College of Engineering, Kinathukadavu, Coimbatore; Sri Eshwar College of Engineering, Kinathukadavu, Coimbatore; Sri Eshwar College of Engineering, Kinathukadavu, Coimbatore",2023 International Conference on Computer Communication and Informatics (ICCCI),"24 May 2023","2023","","","1","4","India is the largest agriculture production country. It ranks 2nd largest producer of rice and wheat. Various crops are grown in various parts of the country. Agriculture contributes to India’s GDP increase from 17.8-19.9% in 2019-2021. Larger cultivation of plants is happening on fields of India giving many good outcomes. And we must also consider the defected plants which going to in garbage after harvesting. So we engineers should give a solution for rectify this problem on the time of planting. Defect in plant can identify in many views like testing the Soil nutrient, identifing the pest attack in leaves or fruits of that plant. By analyzing the defect on the plant in cultivation time can reduce the chance of spoiling. If the pest identification is done, then we can apply suitable fertilizer for that. Not all the insect are harmful for plants, some will help in pollination and eat other pests on the plants. Large number of insect pest attack leads damage in the crop production. Image processing of plant leaves for identify the pest by matching with dataset on MATLAB Tool, eventually found the deficiency occurred on that plant. This process have efficient algorithm for finding the result. Then the further process like pesticides applying can carried out according to the pest identified.","2473-7577","979-8-3503-4821-7","10.1109/ICCCI56745.2023.10128361","","https://ieeexplore.ieee.org/stamp/stamp.jsp?arnumber=10128361","MATLAB Tool;CNN Algorithm;Image Processing;Plant Pest Identification","Surveys;Insects;Image processing;Crops;Production;Soil;Agriculture","","3","","13","IEEE","24 May 2023","23-25 Jan. 2023","23-25 Jan. 2023","IEEE","IEEE Conferences"
"Tiny-EfficientNet-SE: A Squeeze-and-Excitation Enhanced CNN Architecture for Multi-Domain Classification on Edge Device","N. J. Pierre; K. Nkurikiyeyezu; C. Nkundineza; O. Gatera","African Centre of Excellence in Internet of Things (ACEIoT), University of Rwanda, Kigali, Rwanda; African Centre of Excellence in Internet of Things (ACEIoT), University of Rwanda, Kigali, Rwanda; African Centre of Excellence in Internet of Things (ACEIoT), University of Rwanda, Kigali, Rwanda; African Centre of Excellence in Internet of Things (ACEIoT), University of Rwanda, Kigali, Rwanda",2025 International Conference on Activity and Behavior Computing (ABC),"15 Aug 2025","2025","","","1","6","The growing demand for efficient and compact deep learning (DL) models designed for resource-constrained edge applications has surged with the increasing deployment of edge intelligence solutions. For image recognition tasks, lightweight Convolutional Neural Network (CNN) models have been developed for real-time and edge deployment. This paper presents Tiny-EfficientNet-SE model, an enhanced lightweight CNN architecture designed specifically for edge computing applications. This architecture integrates Squeeze-and-Excitation (SE) Blocks for adaptive feature recalibration, Batch Normalization (BN) for accelerated convergence, and applies knowledge distillation techniques from EfficientE0 model for enhanced feature generalization. This architecture addresses the critical tradeoff between high accuracy and minimal resource consumption with just 0.46 MB model size, while achieving accuracies of 93%, 95%, 97% and 98% for multi-class classification across human face emotion, cereal crop pest, pneumonia disease, and Weather condition datasets, respectively. Compared with Latest lightweight CNN models such as MobileNet, SqueezeNet, EfficientNet, and ShuffleNet, Tiny-EfficientNet-SE model exhibited superior performance in model size and comparable accuracy, making it highly suitable for deployment on edge and resourceconstrained environments, as well as advancing real-time edge intelligence solutions.","","979-8-3315-3437-0","10.1109/ABC64332.2025.11118615","","https://ieeexplore.ieee.org/stamp/stamp.jsp?arnumber=11118615","Deep Learning;Convolutional Neural Networks;Edge Computing;Resource-Constrained Devices;Tiny-EfficientNet-SE","Performance evaluation;Adaptation models;Accuracy;Pneumonia;Computational modeling;Image edge detection;Computer architecture;Real-time systems;Convolutional neural networks;Edge computing","","1","","27","IEEE","15 Aug 2025","21-25 April 2025","21-25 April 2025","IEEE","IEEE Conferences"
"Efficient Insect Pests Classification by Integrating Triplet Attention with Pre-trained Deep Neural Networks","Y. Gao; S. Zhu; F. Zhu","Hainan International College Communication, University of China Lingshui, Haina, PR China; College of Mathematical Sciences, Yangzhou University, Yangzhou, PR China; School of Computer, Jiangsu University of Science and Technology, Zhenjiang, PR China","2025 8th International Conference on Advanced Electronic Materials, Computers and Software Engineering (AEMCSE)","24 Jun 2025","2025","","","250","253","Accurate and efficient classification of insect pests is critical for sustainable agricultural practices, yet existing methods often fail to capture fine-grained morphological features due to limited cross-dimensional feature interactions. To address this challenge, this paper proposes a novel deep learning framework that integrates Triplet Attention (TA) with EfficientNetV2-S to enhance discriminative feature learning for pest classification. Experimental results on real-world field images demonstrate the framework’s superiority, achieving 98.85% training accuracy and 94.35% testing accuracy, outperforming ResNet-50, LeNet-5, and other EfficientNet models. The model exhibits exceptional robustness, with stable convergence and lower loss values (0.0465) compared to baseline methods.","","979-8-3315-1091-6","10.1109/AEMCSE65292.2025.11042739","","https://ieeexplore.ieee.org/stamp/stamp.jsp?arnumber=11042739","Insect pest classification;Pre-trained Deep Neural Networks;Triplet Attention;EfficientNetV2","Training;Representation learning;Location awareness;Technological innovation;Accuracy;Insects;Artificial neural networks;Multitasking;Robustness;Software engineering","","","","10","IEEE","24 Jun 2025","9-11 May 2025","9-11 May 2025","IEEE","IEEE Conferences"
"Classification of Different Characteristics Agricultural Pests Based on Support Vector Machine Optimized Chimpanzee Leader Election Optimization","F. W. Wibowo; R. Marco; M. Koprawi; A. Dahlan; W. Wihayati","Department of Informatics, Universitas Amikom Yogyakarta Yogyakarta, Indonesia; Department of Informatics, Universitas Amikom Yogyakarta Yogyakarta, Indonesia; Department of Computer Engineering, Universitas Amikom Yogyakarta, Yogyakarta, Indonesia; Department of Informatics Management, Universitas Amikom Yogyakarta, Yogyakarta, Indonesia; Faculty of Information Technology, Satya Wacana Christian University, Salatiga, Indonesia",2025 International Conference on Artificial Intelligence's Future Implementations (ICAIFI),"13 Jan 2026","2025","","","155","161","Agricultural pests with diverse morphological characteristics pose a serious threat to food security and agricultural productivity. Accurate pest classification is a major challenge because conventional methods are often slow, subjective, and error-prone. This study aims to develop a reliable automatic pest classification model by addressing the main limitation of the Support Vector Machine (SVM) algorithm, namely its dependence on appropriate parameter selection. To this end, this paper proposes a machine learning approach by optimizing SVM parameters using the Chimpanzee Leader Election Optimization (CLEO) algorithm. CLEO, inspired by the cognitive and social intelligence of chimpanzees, is applied to intelligently explore the search space to find optimal values for the penalty (C) and kernel (gamma) parameters, thereby enhancing the SVM’s ability to construct decision boundaries that best separate various pest classes based on their image features. Experimental results on an agricultural pest image dataset demonstrate that the proposed SVM-CLEO model achieves excellent performance with 100% classification accuracy. These findings demonstrate that CLEO optimization effectively enhances the SVM model, resulting in a highly accurate and robust solution for pest identification. Thus, this study not only provides an innovative solution to the pest classification problem, but also proves the great potential of the CLEO algorithm in solving machine learning parameter optimization problems in the field of precision agriculture.","","979-8-3315-5606-8","10.1109/ICAIFI66942.2025.11325885","","https://ieeexplore.ieee.org/stamp/stamp.jsp?arnumber=11325885","agriculture;classification;cleo;pest;svm","Support vector machines;Accuracy;Machine learning algorithms;Voting;Stability analysis;Classification algorithms;Space exploration;Kernel;Space vector modulation;Optimization","","2","","25","IEEE","13 Jan 2026","14-14 Sept. 2025","14-14 Sept. 2025","IEEE","IEEE Conferences"
"Agricultural Pest Image Recognition Algorithm Based on Convolutional Neural Network and Bayesian Method","L. Zhang; F. Wu; W. Yu","Information Technology and Laboratory Management Center, Wuyi University, Wuyishan, China; College of Mathematics and Computer, Wuyi University, Wuyishan, China; College of Mathematics and Computer, Wuyi University, Wuyishan, China",IEEE Access,"17 Dec 2024","2024","12","","188072","188083","Aiming at the limitations of existing agricultural pest image recognition technology, a novel agricultural pest recognition algorithm based on convolutional neural network and Bayesian method is proposed. During the process, convolutional neural networks are chosen as the basic model for image recognition algorithms, and Bayesian methods are used to optimize the neural network structure. At the same time, approximate variational methods are applied to construct corresponding approximate functions. Finally, the Bayesian neural network sampling optimization is completed through the method of random variable reparameterization. According to simulation experiments, the accuracy of the proposed method in classifying and recognizing beetles is 92.1%, and the accuracy in classifying and recognizing grasshoppers is 92.4%. The proposed method has an image recognition accuracy of over 90% for agricultural pests, and has the highest accuracy among the 5 image recognition methods compared. Except for the accuracy of cricket recognition, the convolutional neural network image recognition method has the lowest accuracy of agricultural pest image recognition among the five image recognition methods. The experimental results show that the proposed method can effectively recognize agricultural pest images and has good operational performance. The contribution of the research lies in proposing a novel agricultural pest image recognition algorithm and innovatively optimizing the structure of the convolutional neural network model. The Bayesian method is used to improve the estimation of weights and biases, making the model more accurate in processing agricultural pest images.","2169-3536","","10.1109/ACCESS.2024.3512671","Science and Technology Innovation Joint Funding Project “Research and Application of Key Technologies for Ecological Environment Monitoring in Expressway Regions with the Integration of Heaven, Earth and Space”(grant numbers:N2020Z016); ","https://ieeexplore.ieee.org/stamp/stamp.jsp?arnumber=10785544","Image recognition;neural networks;Bayesian method;probability distribution;approximate function","Bayes methods;Image recognition;Convolutional neural networks;Accuracy;Neural networks;Kernel;Gaussian distribution;Data models;Training;Optimization","","4","","30","CCBY","9 Dec 2024","2024","","IEEE","IEEE Journals"
"Lightweight-VGG model for fruit agricultural pest recognition a new deep learning method for constrained devices","M. A. A. Jabbar; H. Q. Al Gburi; A. A. Abdulhameed; S. A. Z. Mghames","Department of Intelligent Medical System, College of Biomedical Informatics, University of Information Technology and Communications, Baghdad, Iraq; Administrative Affairs, ID department, Ministry of Education, Baghdad, Iraq; College of Businesses Informatics, University of Information Technology and Communications, Baghdad, Iraq; Department of Scholarships and Cultural Relations, University of Information Technology and Communications, Baghdad, Iraq",2nd International Conference on Emerging Trends and Applications in Artificial Intelligence (ICETAI 2024),"22 Jul 2025","2024","2024","","657","661","Detecting the validity of fruits and vegetables is one of the major challenges tasks in industrial agriculture applications, especially in the canning and fruit picking and isolating processes that are utilized for exporting. It involves subjective assessment by the human judgment of the ripeness stage of fruits for fresh produce, which is often time-consuming and inconsistent. As automation continues in all industrial and agricultural fields, there is an increasing need for a reliable method to handle this process. This paper proposes an automated system using convolutional neural networks to classify green apples concerning their ripeness level. Our approach lies in introducing a new lightweight modification of the VGG-16 architecture. Traditional VGG-16 models, while effective, are computationally intensive and may not be suitable for deployment in resource-constrained environments such as embedded systems. The proposed Lightweight-VGG significantly reduces the model size, and trainable parameters while achieving the best classification accuracy. The proposed model was tested using 1000 samples of apple fruit images and achieved an accuracy of 98.25%, compared to 96.8% achieved by the original VGG-16. The proposed model also shows improvements in precision, recall, and F1-score, making it a viable alternative for real-time fruit quality assessment applications and constrained devices.","","978-1-83724-272-6","10.1049/icp.2025.0158","","https://ieeexplore.ieee.org/stamp/stamp.jsp?arnumber=11088392","","","","","","","","22 Jul 2025","2-3 Oct. 2024","2-3 Oct. 2024","IET","IET Conferences"
"PEDS-AI: A Novel Unmanned Aerial Vehicle Based Artificial Intelligence Powered Visual-Acoustic Pest Early Detection and Identification System for Field Deployment and Surveillance","R. R. Zhang","The Harker School, San Jose, CA, United States",2023 IEEE Conference on Technologies for Sustainability (SusTech),"23 May 2023","2023","","","12","19","Currently, there is an urgent need to develop a system for practical in-field pest early detection to combat grasshopper invasions of farmland. This research proposes the first novel visual-acoustic system created to expand the sensorial range for more field flexibility compared to the current unmanned aerial vehicle (UAV) detection. A visual-acoustic database is also designed to support this study. The proposed UAV system is designed and implemented to survey from an optimal 1m altitude and record 48k sampling rate audio to capture the unique visual-acoustic signatures of pests, allowing PEDS-AI to achieve UAV species detection, a problem difficult even for experts. PEDS-AI introduces a dual signal processing algorithm that combines deep learning source separation and spectral gating denoising to cope with the signal-to-noise ratios (SNR) caused by the UAV and quiet pests. PEDS-AI then uses segmented photos and scalograms of the cleaned recordings to perform species determination through convolutional neural networks enhanced with transfer learning. The current design can completely cover up to 12,500 $\frac{{{m^2}}}{{hr}}$ for less than 1000 dollars per unit. Improving the Yolov5 model with 46.5 million parameters with a UAV-collected dataset of 100+ infield 48MP photos, visual detection of grasshoppers achieved a precision of 0.92 and a recall of 0.84. In-field recordings from 16 species enhanced the Efficientnetv2 model with 52.9 million parameters, reaching 0.87 precision and 0.90 recall. This research has an immediate impact on in-field agricultural tracking of pest species and can also be applied to ecological management and ecosystem restoration.","","979-8-3503-4548-3","10.1109/SusTech57309.2023.10129631","","https://ieeexplore.ieee.org/stamp/stamp.jsp?arnumber=10129631","UAV;AI;insect;pest;grasshopper;visual;acoustic;hybrid;pair;detection;identification;environment;sustainable","Surveys;Visualization;Biological system modeling;Transfer learning;Signal processing algorithms;Autonomous aerial vehicles;Hardware","","7","","19","IEEE","23 May 2023","19-22 April 2023","19-22 April 2023","IEEE","IEEE Conferences"
"Development of an Autonomous Hexapod Robot for Ant Trail Following","M. Berois; L. de Oliveira; E. Gastelú; G. Trinidad; G. Tejera","Facultad de Ingeniería, Universidad de la República, Montevideo, Uruguay; Facultad de Ingeniería, Universidad de la República, Montevideo, Uruguay; Facultad de Ingeniería, Universidad de la República, Montevideo, Uruguay; Facultad de Ingeniería, Universidad de la República, Montevideo, Uruguay; Facultad de Ingeniería, Universidad de la República, Montevideo, Uruguay",2025 IEEE International Conference on Advanced Robotics (ICAR),"21 Jan 2026","2025","","","233","238","This paper presents the design, development, and validation of an autonomous hexapod robot capable of detecting and tracking ant trails. The system integrates a mechanical platform, computer vision algorithms, and a decision-making heuristic to navigate complex agricultural terrains. The robot’s hardware underwent multiple design iterations to ensure stability and mobility on surfaces like grass, soil, and inclined planes. A vision model based on YOLOv8 was trained using a composite dataset of real-world captures, public datasets, and synthetic data generated in a simulator. The complete system was validated in a high-fidelity simulator, which incorporated real-world motion and detection errors. The results demonstrate the system’s effectiveness, achieving a 94% success rate in following ant trails under realistic simulated conditions. This work lays the groundwork for an eco-friendly alternative to chemical pesticides in agricultural pest control.","2572-6919","979-8-3315-7809-1","10.1109/ICAR65334.2025.11338722","","https://ieeexplore.ieee.org/stamp/stamp.jsp?arnumber=11338722","","Eco-friendly;Pesticides;Soil;Pest control;Hardware;Stability analysis;Software;Robustness;Robots;Synthetic data","","","","10","IEEE","21 Jan 2026","2-5 Dec. 2025","2-5 Dec. 2025","IEEE","IEEE Conferences"
"Small Target Pest Detection Algorithm Based on Channel and Spatial Collaborative Attention","Q. Liu; L. He; F. Li","School of Information and Communications Engineering, Xi'an Jiaotong University, Xi'an, China; School of Information and Communications Engineering, Xi'an Jiaotong University, Xi'an, China; School of Information and Communications Engineering, Xi'an Jiaotong University, Xi'an, China",2024 4th Asia-Pacific Conference on Communications Technology and Computer Science (ACCTCS),"13 Aug 2024","2024","","","319","325","Crop pest is one of the unavoidable problems in agricultural production, which can cause serious yield loss and quality reduction, and even jeopardize the growth and development of crops and life safety. However, conventional target detection algorithms for pest detection generally suffer from generally small target sizes, complex backgrounds, and high leakage rates. To address the issues, we propose a small target pest detection algorithm CSCA-YOLO (Channel and Spatial Collaborative Attention-YOLO) based on channel and spatial cooperative attention. Aiming at the problem of small target size for pest detection in real field environments, a small target detection head is designed. And based on the integration characteristics of small target pests, a lightweight and efficient attention mechanism named CSCA is proposed, which adopts a tri-branch design to concurrently deduce crucial information across channel, height, and width dimensions. Attention, and feature fusion with adaptive weights significantly improve the small target pest detection accuracy with low computational overhead.","","979-8-3503-5998-5","10.1109/ACCTCS61748.2024.00063","","https://ieeexplore.ieee.org/stamp/stamp.jsp?arnumber=10612939","YOLOv8;Attention mechanism;Pest detection;Small target detection","Attention mechanisms;Accuracy;Collaboration;Crops;Object detection;Production;Network architecture","","2","","10","IEEE","13 Aug 2024","24-26 Feb. 2024","24-26 Feb. 2024","IEEE","IEEE Conferences"
"Multi-scale Adaptive Learning Network with Double Connection Mechanism for Super-resolution on Agricultural Pest Images","Q. Zeng; S. Chang; S. Wang; W. Ni","College of Computer Science and Engineering, Shandong University of Science and Technology, Qingdao, Shandong, China; College of Computer Science and Engineering, Shandong University of Science and Technology, Qingdao, Shandong, China; College of Computer Science and Engineering, Shandong University of Science and Technology, Qingdao, Shandong, China; College of Computer Science and Engineering, Shandong University of Science and Technology, Qingdao, Shandong, China",2022 5th International Conference on Data Science and Information Technology (DSIT),"17 Nov 2022","2022","","","1","6","Accurate recognition of pests can effectively reduce the negative impact of pests on the agricultural economy. The unprofessional shooting ways result in low-resolution images, which seriously influences the accuracy of pest recognition. The super-resolution reconstruction method can transform low-resolution images into high-resolution images. The existing super-resolution reconstruction networks have the problems such as feature missing, low feature utilization, and a large amount of computation. The Multi-scale Adaptive Learning Network (MALNet) proposed in this paper is based on residual and dense connections and consists of four modules: Rear-Compensation Enlargement Module (RCEM), Low-Frequency Feature Building Module (LFFBM), Multi-scale Details Representation Module (MsDRM), and Feature Channels Correction Module (FCCM). First, the low-frequency contour feature is built by LFFBM, and MsDRM extracts local detail features of the pest. After that, FCCM enhances important features and finally fuses with the enlarged feature map generated by RCEM. The experimental results show that, compared with other reconstruction networks, MALNet achieves an average improvement of 0.20dB and 0.011 in Peak Signal to Noise Ratio (PSNR) and Structural Similarity (SSIM) on Te-set and public benchmark datasets Set5, Set14, BSDS100, and Urban100. It overcomes the shortcomings of the existing networks and provides strong support for the efficient implementation of pest recognition work.","","978-1-6654-9868-5","10.1109/DSIT55514.2022.9943874","","https://ieeexplore.ieee.org/stamp/stamp.jsp?arnumber=9943874","Agricultural pests;Super-resolution;Residual and dense connections;Adaptive learning;Multi-scale expression","Training;Representation learning;Adaptive learning;PSNR;Superresolution;Buildings;Redundancy","","","","28","IEEE","17 Nov 2022","22-24 July 2022","22-24 July 2022","IEEE","IEEE Conferences"
"A Novel Resource-Constrained Insect Monitoring System based on Machine Vision with Edge AI","A. Kargar; M. P. Wilk; D. Zorbas; M. T. Gaffney; B. Q'Flynn","Tyndall National Institute, University College Cork, Cork, Ireland; Tyndall National Institute, University College Cork, Cork, Ireland; Department of Computer Science, Nazarbayev University, Nur-Sultan, Kazakhstan; Horticulture Development Department, Teagasc Ashtown Food Research Centre, Dublin, Ireland; Tyndall National Institute, University College Cork, Cork, Ireland",2022 IEEE 5th International Conference on Image Processing Applications and Systems (IPAS),"28 Feb 2023","2022","Five","","1","6","Effective insect pest monitoring is a vital component of Integrated Pest Management (IPM) strategies. It helps to support crop productivity while minimising the need for plant protection products. In recent years, many researchers have considered the integration of intelligence into such systems in the context of the Smart Agriculture research agenda. This paper describes the development of a smart pest monitoring system, developed in accordance with specific requirements associated with the agricultural sector. The proposed system is a low-cost smart insect trap, for use in orchards, that detects specific insect species that are detrimental to fruit quality. The system helps to identify the invasive insect, Brown Marmorated Stink Bug (BMSB) or Halyomorpha halys (HH) using a Microcontroller Unit-based edge device comprising of an Internet of Things enabled, resource-constrained image acquisition and processing system. It is used to execute our proposed lightweight image analysis algorithm and Convolutional Neural Network (CNN) model for insect detection and classification, respectively. The prototype device is currently deployed in an orchard in Italy. The preliminary experimental results show over 70 percent of accuracy in BMSB classification on our custom-built dataset, demonstrating the proposed system feasibility and effectiveness in monitoring this invasive insect species.","","978-1-6654-6219-8","10.1109/IPAS55744.2022.10052895","European Regional Development Fund (ERDF); Teagasc; Science Foundation Ireland(grant numbers:12/RC/2289-P2-INSIGHT,13/RC/2077-CONNECT,16/RC/3835-VISTAMILK,16/RC/3918-CONFIRM); ","https://ieeexplore.ieee.org/stamp/stamp.jsp?arnumber=10052895","Machine Vision;Image processing;Deep Learning;Edge AI;Integrated Pest Monitoring;Food Security","Smart agriculture;Productivity;Microcontrollers;Insects;Prototypes;Convolutional neural networks;Security","","12","","21","IEEE","28 Feb 2023","5-7 Dec. 2022","5-7 Dec. 2022","IEEE","IEEE Conferences"
"Integrating Multiscale Linear Attention and Focal Loss for Robust Pest Classification","S. Zhao; H. Wang; T. Liu; S. Huang","Network Information Management Division, Qingdao Agricultural University, Qingdao, China; Network Information Management Division, Qingdao Agricultural University, Qingdao, China; College of Science and Information, Qingdao Agricultural University, Qingdao, China; College of Science and Information, Qingdao Agricultural University, Qingdao, China",IEEE Access,"17 Oct 2024","2024","12","","146610","146619","Agricultural pests significantly impact crop yield and quality, threatening food security and causing economic losses. Therefore, the precise identification of pests is crucial for improving agricultural production. However, traditional pest classification methods struggle to capture the complex relationships among different parts of pest images and often lack strong generalization capabilities, resulting in poor performance. To address these issues, we propose an agricultural pest classification model based on a multi-scale linear attention mechanism and Focal Loss. This model employs a multi-scale linear attention module to capture local features at various scales, as well as the long-distance dependencies and global relationships among these local features. It utilizes an attention mechanism with linear time complexity to ensure computational efficiency. In addition, we use the Focal Loss function to alleviate the impact of sample imbalance in the dataset and explore the effects of various data augmentation techniques on the model’s generalization ability. Experimental results demonstrate that our model performs excellently across datasets of different scales.","2169-3536","","10.1109/ACCESS.2024.3473536","Action Plan Project for Rural Revitalization, Scientific and Technological Innovation of Shandong Province(grant numbers:2022TZXD007,2022TZXD0012); gricultural Improved Seed Project of Shandong Province(grant numbers:2022LZGC021); Technology Development of Room-Temperature Gas Sensor for Safety Monitoring Applications (Horizontal Project)(grant numbers:2023370203003483); ","https://ieeexplore.ieee.org/stamp/stamp.jsp?arnumber=10704656","Multi-scale linear attention;focal loss;pest classification;data enhancement","Feature extraction;Convolutional neural networks;Computational modeling;Data models;Computational efficiency;Attention mechanisms;Support vector machines;Deep learning;Crops;Pest control","","1","","35","CCBY","3 Oct 2024","2024","","IEEE","IEEE Journals"
"A Method of Locusts Detection","H. Ma; Y. Wang; X. Liu; J. Chi; F. Wang; J. Liu","School of Electrical and Information Engineering, North Minzu University, Yinchuan, China; School of Electrical and Information Engineering, North Minzu University, Yinchuan, China; School of Electrical and Information Engineering, North Minzu University, Yinchuan, China; School of Electrical and Information Engineering, North Minzu University, Yinchuan, China; School of Electrical and Information Engineering, North Minzu University, Yinchuan, China; School of Electrical and Information Engineering, North Minzu University, Yinchuan, China",2025 IEEE International Conference on Electron Devices and Solid-State Circuits (EDSS),"7 Oct 2025","2025","","","334","337","Agricultural pest identification and monitoring constitute the fundamental basis for effective pest control. Addressing the technical challenge of insufficient feature extraction in agricultural pest identification that leads to difficulties in small target recognition, this paper proposes the YOLOv8-TL method. The core innovation involves the design of Trefoil Dilated Residual Convolution (TC) to compensate for detail loss during feature extraction of small targets. Through hierarchical feature extraction via Region Residualization, Semantic Residualization, and multiple residual operations, the method constructs more detailed feature representations, thereby enhancing recognition accuracy for small-scale insects. Additionally, we introduce the Large Separable Kernel with Attention (LSKA) mechanism to improve model sensitivity towards target features by capturing interdependencies between spatial and channel domains. Experimental validation on a self-built locust dataset demonstrates that the improved YOLOv8-TL model achieves a mean average precision (mAP) of 88.6 %, representing a 4.4 % improvement over the baseline YOLOv8 model.","","979-8-3315-2208-7","10.1109/EDSSC64492.2025.11183351","","https://ieeexplore.ieee.org/stamp/stamp.jsp?arnumber=11183351","pest identification;object detection;YOLOv8;CNN","Technological innovation;Solid modeling;Accuracy;Sensitivity;Convolution;Target recognition;Feature extraction;Solid state circuits;Kernel;Monitoring","","","","7","IEEE","7 Oct 2025","13-15 June 2025","13-15 June 2025","IEEE","IEEE Conferences"
"Pest Density Classification using MobileNet Architecture","C. Hegde; S. N; R. B N","Fractal Analytics, Bangalore; RV College of Engineering, Bangalore; GR Agri-Tek Labs, Bangalore","2024 IEEE International Conference for Women in Innovation, Technology & Entrepreneurship (ICWITE)","23 Apr 2024","2024","","","91","96","Managing the pests is the biggest challenge in the field of agriculture across the world. Timely identification of pests affecting the crops helps to prevent the further damage and thus by saving the yield of the crop. Pest-trappers are one of the organic approaches to control them. Pest-trappers containing Pheromone loaded Nanogels are placed across the fields, and the pests gets attracted to this and gets trapped. The quantity of pests being trapped will give an idea about the density of pests in that area and helps the farmer to take further remedial actions. Hence, it is an important task to classify the pest-density automatically. In this paper, we present a novel approach to classify the density of pests being trapped on pest-trappers. As the algorithm built must be deployed into a handy devices like mobile phones, a lightweight MobileNet architecture is being used to build the model. The proposed algorithm reconfigures the pre-trained model MobileNetV2 to suit the need of the problem in question. As the pest-density image dataset created by GR Agri – Tek lab is small in size with 534 images, the image augmentation technique is used. The regularization techniques like early-stopping and drop-out layers are used to minimize overfitting problem. The proposed model is trained on a GPU based system for faster convergence. The classification model is designed to classify five different density classes, and it has the accuracy of 92.59%. The weights learnt by the best possible model is then saved in the HDF5 format for the deployment purposes. In the practical environment, the pest-trapper image is sent from the fields to the server and the density is classified using the model built earlier. The result is displayed through the android mobile app to the farmer, to facilitate him to take further course of action.","","979-8-3503-8328-7","10.1109/ICWITE59797.2024.10503567","","https://ieeexplore.ieee.org/stamp/stamp.jsp?arnumber=10503567","Convolutional Neural Networks;Deep Learning;HDF5;Hyper-parameter Tuning;Machine Learning;MobileNet;Nanogels;Pheromone;Pre-trained Models;Transfer Learning","Performance evaluation;Computational modeling;Crops;Computer architecture;Pesticides;Mobile applications;Classification algorithms","","","","32","IEEE","23 Apr 2024","16-17 Feb. 2024","16-17 Feb. 2024","IEEE","IEEE Conferences"
"Research on the Optimization Model of YOLOv4 Algorithm Integrated with Edge Computing in Real-Time Monitoring of Agricultural Pests and Diseases","X. Meng; X. Wang; S. Wang; X. Dong","Inner Mongolia Electronic Information Vocational Technical College, Hohhot, Inner Mongolia, China; Inner Mongolia Electronic Information Vocational Technical College, Hohhot, Inner Mongolia, China; Inner Mongolia Electronic Information Vocational Technical College, Hohhot, Inner Mongolia, China; Inner Mongolia Electronic Information Vocational Technical College, Hohhot, Inner Mongolia, China","2025 IEEE 3rd International Conference on Control, Electronics and Computer Technology (ICCECT)","23 Jan 2026","2025","","","1053","1058","Traditional agricultural pest and disease monitoring methods often rely on manual inspection or high-cost remote sensing equipment, and have problems such as slow response speed and low monitoring efficiency. In order to solve this problem, this paper proposes an optimization model of YOLOv4 algorithm integrated with edge computing for real-time monitoring of agricultural pests and diseases. This optimization model transfers computing tasks from the cloud to local edge nodes through edge computing technology, thereby reducing data transmission delay and improving real-time processing capabilities. The YOLOv4 algorithm is used for image feature extraction and pest and disease identification, and its efficiency and accuracy are fully reflected in agricultural pest and disease monitoring. Through comparative experiments, the accuracy of the optimized system in pest and disease detection reached 93%, which is about 5% higher than that of the traditional YOLOv4 algorithm. In terms of processing speed, with the support of edge computing nodes, the detection delay of the system is reduced from 2 seconds to 0.5 seconds, which significantly improves real-time performance. In addition, the experimental results also show that the model optimized by edge computing shows a good balance in system load and resource consumption, can run on low-power devices, and adapts to the actual application needs in agricultural environments.","","979-8-3315-1855-4","10.1109/ICCECT64621.2025.11339857","","https://ieeexplore.ieee.org/stamp/stamp.jsp?arnumber=11339857","Edge computing;YOLOv4;agricultural pests and diseases;real-time monitoring;optimization model;deep learning;experimental simulation","Adaptation models;Accuracy;Optimization models;Computational modeling;Real-time systems;Delays;Data communication;Monitoring;Diseases;Edge computing","","","","12","IEEE","23 Jan 2026","25-27 April 2025","25-27 April 2025","IEEE","IEEE Conferences"
"Machine Learning Approaches for Insect Species Recognition using Pyramid Vision Transformer","S. M; G. Iswarya; P. P. Shree; S. Suganthi","Department of IT, Velammal College of Engineering and Technology, Madurai, India; Department of IT, Velammal College of Engineering and Technology, Madurai, India; Department of IT, Velammal College of Engineering and Technology, Madurai, India; Department of IT, Velammal College of Engineering and Technology, Madurai, India","2025 International Conference on Intelligent and Innovative Technologies in Computing, Electrical and Electronics (IITCEE)","14 Mar 2025","2025","","","1","6","Insect species recognition systems have significantly advanced with recent machine learning techniques, but many existing models still face challenges such as limited scalability, lower accuracy in diverse environments, and poor generalization across species variations. To address these limitations, we propose an insect species recognition system utilizing the Pyramid Vision Transformer (PVT) algorithm, which excels in handling hierarchical and multi-scale features. By utilizing a hybrid dataset that was produced by merging the Insect Village Synthetic Dataset and the Agricultural Pest Dataset, the proposed approach exceeds traditional models by a wide margin, achieving a recognition accuracy of 99.16%. The PVT-based system also demonstrates robustness in recognizing complex and diverse insect species, making it an effective solution for entomological studies.","","979-8-3315-1591-1","10.1109/IITCEE64140.2025.10915379","","https://ieeexplore.ieee.org/stamp/stamp.jsp?arnumber=10915379","Image processing;Insect species recognition;Machine learning;Neural Networks;Pyramid vision Transformer","Training;Computer vision;Accuracy;Insects;Face recognition;Scalability;Transfer learning;Transformers;Robustness;Synthetic data","","","","15","IEEE","14 Mar 2025","16-17 Jan. 2025","16-17 Jan. 2025","IEEE","IEEE Conferences"
"Balancing Complexity and Performance of Machine Learning Models for Avian Pests Sound Detection in Agricultural Environments","M. Kazeneza; A. S. Bosman; D. K. Amenyedzi; D. Hanyurwimfura; E. Ndashimye; A. Vodacek","African Centre of Excellence in Internet of Things, University of Rwanda, Kigali, Rwanda; Department of Computer Science, University of Pretoria, Pretoria, South Africa; African Centre of Excellence in Internet of Things, University of Rwanda, Kigali, Rwanda; African Centre of Excellence in Internet of Things, University of Rwanda, Kigali, Rwanda; School of ECE, Carnegie Mellon University Africa, Kigali, Rwanda; Chester F. Carlson Center for Imaging Science, Rochester Institute of Technology, Rochester, NY, USA",IEEE Access,"24 Jun 2025","2025","13","","105813","105827","Agricultural pest control traditionally relies on inefficient visual inspections. Acoustic monitoring offers a promising alternative by analyzing pest-specific sounds. While effective, implementing acoustic monitoring in agricultural settings faces practical constraints, particularly the limited computational resources available in remote farming environments. This necessitates optimized machine learning (ML) solutions for low-power edge devices. This study evaluates ML models for bird pest detection on resource-constrained platforms. We evaluated convolutional neural networks (CNNs), recurrent neural networks (RNNs), and traditional ML models by comparing standalone and knowledge-distilled versions of EfficientNetB0 and gated recurrent unity (GRU) against EfficientNetB4, Long short-term memory (LSTM), MobileNetV2, LightGBM, and support vector machine (SVM). Analysis revealed significant performance variations across computational requirements. LightGBM achieved 98% accuracy with minimal resources (8,500 parameters, 7KB, 0.6ms inference), demonstrating good efficiency. SVM (97% accuracy) and distilled GRU (86% accuracy) also showed favorable performance-to-resource ratios. Knowledge distillation substantially enhanced the accuracy of EfficientNetB0 (from 73% to 98%) and modestly improved GRU (from 84% to 86%). We examined platform compatibility across computing tiers, discovering that while high-performance edge devices (Jetson Nano, Raspberry Pi 4) support all studied models effectively, microcontrollers require specialized approaches. Advanced microcontrollers (such as ESP32-S3 and STM32H7) can accommodate optimized implementations, while highly constrained platforms (such as Arduino Nano) require TinyML techniques. This research contributes 1) an on-farm audio dataset, 2) comprehensive cross-model evaluation metrics, and 3) deployment optimization strategies for acoustic pest detection systems in resource-constrained agricultural environments.","2169-3536","","10.1109/ACCESS.2025.3580620","icipe-World Bank Financing(grant numbers:D347-3A); World Bank-Korea Trust Fund for Partnership for Skills in Applied Sciences, Engineering and Technology (PASET)-Regional Scholarship and Innovation Fund (RSIF)(grant numbers:TF0A8639); University of Pretoria through PASET-RSIF Research Funds; ","https://ieeexplore.ieee.org/stamp/stamp.jsp?arnumber=11039837","Acoustic monitoring;bird pest detection;deep learning;knowledge distillation;machine learning","Birds;Acoustics;Computational modeling;Recording;Complexity theory;Accuracy;Monitoring;Machine learning;Spectrogram;Computer architecture","","3","","59","CCBY","18 Jun 2025","2025","","IEEE","IEEE Journals"
"A Comparison of HOG-SVM and SIFT-SVM Techniques for Identifying Brown Planthoppers in Rice Fields","C. G. Harris; I. P. Andika; Y. A. Trisyono","School of Mathematical Sciences, University of Northern Colorado, Greeley, CO, USA; Fakultas Teknobiologi Universitas Atma Jaya, Yogyakarta, Indonesia; Department of Plant Protection, Universitas Gadjah Mada, Yogyakarta, Indonesia",2022 IEEE 2nd Conference on Information Technology and Data Science (CITDS),"17 Oct 2022","2022","","","107","112","Brown planthoppers (BPH) are insect pests that cause significant damage to rice crop yields throughout the Asia-Pacific region. Early identification of BPH forms has ramifications for forecasting potential outbreaks. To address this, we use Adaboost and Haar features to discover areas of interest in images of rice plants. We apply two separate techniques to identify the BPH in images: we compare a technique that utilizes HOG descriptors and another that utilizes SIFT feature descriptors. To each of these techniques, we apply a Support Vector Machine (SVM) to allow us to classify areas of interest in the images. Our approach achieves a weighted average classification rate of 95.38% for HOG and 96.38% for SIFT, improving upon state-of-the-art BPH detection methods and our findings lay the groundwork for other insect pest identification and detection efforts.","","978-1-6654-9653-7","10.1109/CITDS54976.2022.9914061","","https://ieeexplore.ieee.org/stamp/stamp.jsp?arnumber=9914061","HOG;SIFT;SVM;pest identification;brown planthopper;insect identification;feature descriptors;computer vision;Adaboost","Support vector machines;Insects;Crops;Data science;Information technology;Forecasting","","2","","18","IEEE","17 Oct 2022","16-18 May 2022","16-18 May 2022","IEEE","IEEE Conferences"
"Automated Species Classification: A Vision Transformer Model for Biodiversity Monitoring","M. D. N. Haque; T. Sultana","Dept. of Electronics and Communication Eng. (ECE), Hajee Mohammad Danesh Science and Technology University, Dinajpur, Bangladesh; Dept. of Electronics and Communication Eng. (ECE), Hajee Mohammad Danesh Science and Technology University, Dinajpur, Bangladesh","2025 IEEE International Conference on Biomedical Engineering, Computer and Information Technology for Health (BECITHCON)","8 May 2026","2025","","","411","415","In the current work, a custom Vision Transformer (ViT) architecture is explored to classify two different species datasets: 100 butterfly species and 86 agricultural pest species. This customization includes a novel fine-tuning strategy on a combined dataset of 186 species and specific modifications to the classifier head to handle fine-grained classification. Considering the increasing need to have automated species identification in both biodiversity monitoring and pest management, the study aims at enhancing classification accuracy using deep learning. The images of the butterflies and agricultural pests that were used to make the dataset are those that were sampled in different ecological zones in Bangladesh. Oversampling was done to reduce the imbalance between classes, whereby the species were evenly distributed in the data. Images were pre-processed in the form of resizing to 224×224 pixels,, normalization, and data augmentation composed of random rotations, sharpness change, and horizontal flips with the aim of enhancing generalization. A fine-tuned ViT model was built on a pre-trained model as a custom model. This custom model outperformed the traditional Convolutional Neural Networks (CNNs) by being able to consistently attain an accuracy, precision, and F1 score of around 95.9% at different epochs. The test data with video result shows that the custom ViT model can detect and classify at fine-grained species, offering a significant advantage over traditional methods which can be implemented in real-time. This approach has notable applications in biodiversity monitoring and agricultural pest management, providing scalable solutions for real-time ecological monitoring and pest control.","","979-8-3315-6105-5","10.1109/BECITHCON69222.2025.11503925","","https://ieeexplore.ieee.org/stamp/stamp.jsp?arnumber=11503925","Insects Detection;Video Detection;Vison Transformer","Modeling;Convolutional neural networks;Accuracy;Printing;Training;Signal detection;Runtime;Vision transformers;Testing;Monitoring","","","","18","IEEE","8 May 2026","29-30 Nov. 2025","29-30 Nov. 2025","IEEE","IEEE Conferences"
"Development of a Classification Model for Banana Leaf Disease Using Google Teachable Machine","J. B. Ancheta; L. Q. Santos; L. C. M. De Jesus; J. V. David; A. M. Avelino; M. E. A. Grande","College of Engineering, Computer Studies, and Architecture Lyceum of the Philippines University - Cavite, Cavite, Philippines; College of Engineering, Computer Studies, and Architecture Lyceum of the Philippines University - Cavite, Cavite, Philippines; School of Engineering, Asia Pacific College, Makati City, Philippines; School of Engineering, Asia Pacific College, Makati City, Philippines; College of Engineering, Computer Studies, and Architecture Lyceum of the Philippines University - Cavite, Cavite, Philippines; School of Science and Engineering, Ateneo de Manila University, Quezon City, Philippines",2025 International Conference on Artificial Intelligence in Information and Communication (ICAIIC),"19 Mar 2025","2025","","","0258","0263","This research developed a machine learning model using Google Teachable Machine and the MobileNetV2 architecture to classify various banana leaf diseases. Banana plants, critical to global agriculture, are highly vulnerable to diseases that can greatly reduce both yield and quality. Early and precise detection of these diseases is crucial for effective management and maintaining crop health. The study utilized 408 images of banana leaves showing conditions like Black Sigatoka, Bract Mosaic, Insect Pest, Moko Disease, Panama Disease, Yellow Sigatoka, and healthy leaves. Through image augmentation, the dataset was expanded to 3,264 images to improve the model's ability to generalize. The data was split into 85% for training and 15% for testing. After training for 50 epochs, the model achieved an accuracy of 98.17%, with precision, recall, and Fl-scores all surpassing 97%. The model performed particularly well in detecting Bract Mosaic, Moko Disease, and Panama Disease, while minor misclassifications occurred between visually similar diseases such as Black and Yellow Sigatoka. When compared to other models like AlexNet and LeNet, which reported accuracies of 87.5% and 99.72%, respectively, the MobileNetV2 model strikes a balance between high accuracy and efficiency. This model shows promise for deployment as a real-time disease detection tool through mobile applications, particularly benefiting small-scale farmers. Future improvements could involve expanding the dataset and optimizing the model for a wider range of environmental conditions to enhance its agricultural use.","2831-6983","979-8-3315-0702-2","10.1109/ICAIIC64266.2025.10920850","","https://ieeexplore.ieee.org/stamp/stamp.jsp?arnumber=10920850","banana leaf disease;machine learning;disease classification;Google Teachable Machine;MobileNetV2","Training;Accuracy;Plants (biology);Insects;Machine learning;Real-time systems;Internet;Mobile applications;Diseases;Testing","","2","","6","IEEE","19 Mar 2025","18-21 Feb. 2025","18-21 Feb. 2025","IEEE","IEEE Conferences"
"YOLOv9-LSBN: An Improved YOLOv9 Model for Cotton Pest and Disease","R. He; F. Zhang; J. Zhu; Y. Wang; D. Yang; T. Zhang; P. Li","College of Mechanical and Electrical Engineering, Tarim University, Aral, China; College of Mechanical and Electrical Engineering, Tarim University, Aral, China; College of Mechanical and Electrical Engineering, Tarim University, Aral, China; College of Mechanical and Electrical Engineering, Tarim University, Aral, China; College of Mechanical and Electrical Engineering, Tarim University, Aral, China; College of Mechanical and Electrical Engineering, Tarim University, Aral, China; College of Mechanical and Electrical Engineering, Tarim University, Aral, China",IEEE Access,"7 Aug 2025","2025","13","","136536","136553","To achieve accurate identification of cotton aphids and diseases in natural complex environments, an enhanced YOLOv9 model named YOLOv9-LSBN (Large Selective Kernel Network with Bidirectional Feature Pyramid) is proposed. The RepLanLsk module replaces RepNCSPELAN4 in YOLOv9, dynamically adjusting receptive fields through reparameterizable convolutions and spatial attention, enhancing multi-scale feature diversity while maintaining computational efficiency via structural reparameterization during inference. A simplified weighted bidirectional feature pyramid network is integrated to strengthen bidirectional feature fusion and suppress background interference. Experiments on cotton aphids, Verticillium wilt, brown spot, and healthy leaves show that YOLOv9-LSBN achieves 93.1% precision, 92.5% recall, and 96.3% mAP@0.5, outperforming the original YOLOv9 by 1.8%, 0.3%, and 1.0%, respectively. Compared to YOLOv7, YOLOv8x, and lightweight models (e.g., YOLOv12), YOLOv9-LSBN demonstrates superior accuracy in complex backgrounds (96.3% vs. 94.6% mAP@0.5) with lower misjudgment rates, balancing real-time detection speed (28.3 ms/frame) and precision. Statistical significance (p <0.01) is validated through five randomized training trials, ensuring the robustness of improvements. This work provides a robust reference for crop pest detection in natural environments.","2169-3536","","10.1109/ACCESS.2025.3578967","Bingtuan Science and Technology Program(grant numbers:2022DB001); ","https://ieeexplore.ieee.org/stamp/stamp.jsp?arnumber=11031471","Cotton aphids;cotton disease;detection;RepLanLsk;BIFPN;YOLOv9","Diseases;Cotton;Accuracy;Feature extraction;Kernel;Adaptation models;Machine learning;YOLO;Solid modeling;Biological system modeling","","5","","47","CCBY","12 Jun 2025","2025","","IEEE","IEEE Journals"
